Date,Open,High,Low,Close,Volume,Adj Close
11/9/2006,14,14.4,13.99,14.4,74100,14.4
11/10/2006,14.26,14.35,13.75,13.76,4400,13.76
11/13/2006,13.57,14.01,13.55,14,165400,14
11/14/2006,13.66,14.39,13.66,13.75,13400,13.75
11/15/2006,14.38,14.39,13.6,13.75,163600,13.75
11/16/2006,13.5,14.4,13.5,14.4,23600,14.4
11/17/2006,14.4,14.42,13.95,13.95,3600,13.95
11/20/2006,13.23,14.5,13,14.2,9900,14.2
11/21/2006,14.42,14.42,14.02,14.03,16100,14.03
11/22/2006,14.22,14.41,14,14.2,1600,14.2
11/24/2006,14.2,14.2,13.85,14,13300,14
11/27/2006,14.01,14.01,13.75,13.77,5800,13.77
11/28/2006,13.81,13.88,13.25,13.88,5700,13.88
11/29/2006,13.9,14.5,13.85,14.26,4000,14.26
11/30/2006,14.4,14.4,14.01,14.1,3000,14.1
12/1/2006,14.05,16.71,14.05,15.25,54500,15.25
12/4/2006,15.12,16.05,15.01,15.99,10400,15.99
12/5/2006,16.25,17.19,16.2,17.19,80600,17.19
12/6/2006,16.76,17.25,16.56,16.97,12900,16.97
12/7/2006,17.35,17.94,17.28,17.58,4200,17.58
12/8/2006,17.8,17.8,17.4,17.52,2600,17.52
12/11/2006,17.52,17.62,17.52,17.57,600,17.57
12/12/2006,17.4,17.4,16.42,16.5,19600,16.5
12/13/2006,16.4,16.4,16.25,16.4,18300,16.4
12/14/2006,16.2,16.3,15.68,15.9,5400,15.9
12/15/2006,15.8,15.8,14.75,14.75,3100,14.75
12/18/2006,14.85,14.85,14.25,14.83,9300,14.83
12/19/2006,15.08,15.08,14.75,14.75,600,14.75
12/20/2006,14.77,15.69,14.45,15.45,114600,15.45
12/21/2006,14.95,15.49,14.95,15.27,23300,15.27
12/22/2006,15.27,15.4,15.27,15.4,15400,15.4
12/26/2006,15.49,15.7,15.49,15.55,1200,15.55
12/27/2006,15.68,15.68,15.45,15.5,2300,15.5
12/28/2006,15.45,15.45,15.29,15.39,1100,15.39
12/29/2006,15.45,16.36,15.4,16.11,18000,16.11
1/3/2007,16.43,17.28,16.06,17.28,54900,17.28
1/4/2007,17.44,17.5,17.04,17.45,2500,17.45
1/5/2007,17.24,17.24,16.7,17.08,95800,17.08
1/8/2007,17.14,17.44,17.1,17.44,29400,17.44
1/9/2007,17.49,17.6,16.97,16.97,194000,16.97
1/10/2007,16.87,17,16.87,16.99,800,16.99
1/11/2007,16.87,17.03,16.66,17,8400,17
1/12/2007,17.05,17.12,16.99,17,3400,17
1/16/2007,17.05,17.2,16.62,16.83,3500,16.83
1/17/2007,16.85,16.85,16.6,16.6,14300,16.6
1/18/2007,16.55,16.63,16.5,16.5,20100,16.5
1/19/2007,16.49,16.5,16.25,16.34,22700,16.34
1/22/2007,16.35,16.42,16.13,16.13,1100,16.13
1/23/2007,15.91,16.1,15.63,15.65,7700,15.65
1/24/2007,15.78,16.04,15.78,16.04,2200,16.04
1/25/2007,16.04,16.2,16.04,16.14,1300,16.14
1/26/2007,16.24,16.94,16.24,16.69,4900,16.69
1/29/2007,16.76,17.95,16.76,17.81,9600,17.81
1/30/2007,18,18.76,17.84,18.58,14900,18.58
1/31/2007,18.72,19.26,18.56,19.26,13800,19.26
2/1/2007,19.01,20,19.01,19.61,23000,19.61
2/2/2007,19.79,19.79,18.66,19.15,28100,19.15
2/5/2007,19.12,19.15,18.43,19,48500,19
2/6/2007,18.91,19.16,18.69,18.99,30800,18.99
2/7/2007,18.91,19.1,18.62,18.67,11600,18.67
2/8/2007,18.56,18.93,17.96,17.99,8900,17.99
2/9/2007,8.9,9.2,8.56,8.87,559200,8.87
2/12/2007,9.22,9.36,8.75,8.86,145400,8.86
2/13/2007,8.87,8.97,8.79,8.89,42500,8.89
2/14/2007,8.89,9.05,8.75,8.9,66400,8.9
2/15/2007,9,9,8.7,8.85,98300,8.85
2/16/2007,8.85,8.91,8.5,8.79,185400,8.79
2/20/2007,8.82,8.82,8.42,8.45,77300,8.45
2/21/2007,8.58,8.6,8.11,8.38,48900,8.38
2/22/2007,8.32,8.57,8.3,8.5,579000,8.5
2/23/2007,8.55,8.6,8.41,8.41,20500,8.41
2/26/2007,8.54,8.65,8.3,8.4,8200,8.4
2/27/2007,8.36,8.39,8,8.02,55400,8.02
2/28/2007,8.01,8.01,7.62,7.9,15400,7.9
3/1/2007,7.9,7.91,7.71,7.75,12900,7.75
3/2/2007,7.7,7.75,7.45,7.46,25800,7.46
3/5/2007,7.84,7.84,6.81,6.92,75300,6.92
3/6/2007,6.95,7.16,6.85,7,31800,7
3/7/2007,7.03,7.49,7.01,7.49,18800,7.49
3/8/2007,7.49,7.8,7.39,7.51,20700,7.51
3/9/2007,7.55,7.68,7.4,7.46,12200,7.46
3/12/2007,7.39,7.5,7.11,7.5,19300,7.5
3/13/2007,7.44,8,7.36,7.46,87500,7.46
3/14/2007,7.5,7.5,7.01,7.04,24600,7.04
3/15/2007,7.04,7.2,7.02,7.02,37400,7.02
3/16/2007,7.06,7.06,6.77,6.79,9700,6.79
3/19/2007,6.82,6.82,6.21,6.36,53500,6.36
3/20/2007,6.5,6.52,6.27,6.27,22200,6.27
3/21/2007,6.29,6.29,6.04,6.04,86400,6.04
3/22/2007,6.31,6.31,6.01,6.01,21900,6.01
3/23/2007,6.05,6.19,6.04,6.08,22200,6.08
3/26/2007,6.13,6.17,6.09,6.1,6300,6.1
3/27/2007,6.05,6.1,5.93,5.96,20300,5.96
3/28/2007,6,6,5.78,5.9,25300,5.9
3/29/2007,5.88,5.98,5.77,5.84,35900,5.84
3/30/2007,5.76,5.86,5.71,5.81,23300,5.81
4/2/2007,5.76,5.87,5.76,5.78,9400,5.78
4/3/2007,5.78,5.85,5.71,5.71,12800,5.71
4/4/2007,5.78,5.81,5.75,5.75,11400,5.75
4/5/2007,5.79,6.04,5.58,6,23900,6
4/9/2007,6.05,6.66,6.05,6.12,27600,6.12
4/10/2007,6.05,6.05,5.88,5.88,23400,5.88
4/11/2007,5.88,5.94,5.76,5.9,18100,5.9
4/12/2007,5.9,6.2,5.8,6.13,78600,6.13
4/13/2007,6.25,6.56,6.01,6.16,31700,6.16
4/16/2007,7.06,7.41,6.3,6.3,45500,6.3
4/17/2007,6.39,6.5,6.14,6.14,46500,6.14
4/18/2007,6.3,6.35,5.95,6.16,21600,6.16
4/19/2007,6.35,6.35,5.96,6,19900,6
4/20/2007,6.11,6.11,5.94,5.95,7200,5.95
4/23/2007,6,6.1,5.64,5.79,22100,5.79
4/24/2007,5.79,5.86,5.79,5.81,7600,5.81
4/25/2007,5.81,5.92,5.65,5.72,15000,5.72
4/26/2007,5.72,5.9,5.67,5.82,80800,5.82
4/27/2007,5.83,5.86,5.39,5.76,104000,5.76
4/30/2007,5.76,6.15,5.76,6.1,35400,6.1
5/1/2007,6.11,6.47,5.92,6.22,81700,6.22
5/2/2007,6.27,6.27,5.93,5.95,22900,5.95
5/3/2007,5.96,6.05,5.93,5.93,14600,5.93
5/4/2007,5.99,5.99,5.8,5.8,8100,5.8
5/7/2007,5.89,6.05,5.81,5.93,13400,5.93
5/8/2007,5.95,6.1,5.95,6.05,47200,6.05
5/9/2007,5.92,6.02,5.92,6.01,196000,6.01
5/10/2007,6.03,6.03,5.94,5.94,27000,5.94
5/11/2007,5.92,5.94,5.56,5.6,21800,5.6
5/14/2007,5.57,5.7,5.3,5.34,25300,5.34
5/15/2007,5.4,5.45,4.95,5.05,71900,5.05
5/16/2007,5.1,5.13,5.01,5.1,22600,5.1
5/17/2007,5.1,5.18,5.06,5.08,8400,5.08
5/18/2007,5.01,5.16,4.91,5.02,13200,5.02
5/21/2007,5.01,5.09,5,5.07,13700,5.07
5/22/2007,5.18,5.18,5.07,5.08,5200,5.08
5/23/2007,5.08,5.3,5.08,5.29,10200,5.29
5/24/2007,5.29,5.29,5.01,5.14,3100,5.14
5/25/2007,5.22,5.27,5.2,5.2,3600,5.2
5/29/2007,5.25,5.25,5.16,5.16,3200,5.16
5/30/2007,5.16,5.43,5.16,5.43,341000,5.43
5/31/2007,5.34,5.58,5.34,5.35,38300,5.35
6/1/2007,5.31,5.34,5.25,5.28,237000,5.28
6/4/2007,5.27,5.28,5.1,5.25,21600,5.25
6/5/2007,5.25,5.4,5.25,5.33,8100,5.33
6/6/2007,5.34,5.41,5.32,5.41,9400,5.41
6/7/2007,5.46,5.54,5.25,5.4,15500,5.4
6/8/2007,5.26,5.43,5.26,5.38,5300,5.38
6/11/2007,5.21,5.3,5.06,5.29,12900,5.29
6/12/2007,5.38,5.38,5.04,5.19,18800,5.19
6/13/2007,5.18,5.23,5.1,5.2,18700,5.2
6/14/2007,5.24,5.24,5.15,5.2,18800,5.2
6/15/2007,5.23,5.23,5.18,5.18,3400,5.18
6/18/2007,5.25,5.28,5.19,5.25,149900,5.25
6/19/2007,5.39,5.78,5.26,5.71,20700,5.71
6/20/2007,5.75,5.75,5.61,5.61,7700,5.61
6/21/2007,5.61,6.04,5.42,6.01,315300,6.01
6/22/2007,5.95,6.25,5.8,5.99,381300,5.99
6/25/2007,6.13,6.16,5.78,5.89,18700,5.89
6/26/2007,5.95,5.95,5.75,5.79,6300,5.79
6/27/2007,5.7,5.73,5.69,5.7,2400,5.7
6/28/2007,5.73,5.75,5.5,5.5,6700,5.5
6/29/2007,5.46,6,5.46,5.98,57200,5.98
7/2/2007,5.88,5.92,5.61,5.8,12000,5.8
7/3/2007,5.85,5.92,5.76,5.85,79100,5.85
7/5/2007,5.97,5.97,5.61,5.76,13100,5.76
7/6/2007,5.87,6,5.7,5.85,23300,5.85
7/9/2007,5.9,6,5.84,5.95,18900,5.95
7/10/2007,5.95,5.95,5.73,5.82,13700,5.82
7/11/2007,5.89,5.9,5.75,5.77,21300,5.77
7/12/2007,5.77,6.1,5.77,5.98,13700,5.98
7/13/2007,5.98,5.98,5.83,5.92,10800,5.92
7/16/2007,5.92,6.5,5.72,6.04,223800,6.04
7/17/2007,5.92,6.07,5.9,6.02,84900,6.02
7/18/2007,6.18,6.27,6.01,6.19,16200,6.19
7/19/2007,6.1,6.26,6,6.05,38000,6.05
7/20/2007,6.07,6.29,6,6.26,18800,6.26
7/23/2007,6.3,6.3,6.02,6.21,4100,6.21
7/24/2007,6.07,6.18,5.91,6.05,12700,6.05
7/25/2007,6.12,6.13,6,6.04,33400,6.04
7/26/2007,6,6.15,6,6.09,59100,6.09
7/27/2007,6.1,6.1,5.99,6.04,58500,6.04
7/30/2007,5.93,6.15,5.85,6.02,113500,6.02
7/31/2007,6.05,6.2,5.86,6.07,12600,6.07
8/1/2007,6.03,6.09,6,6.05,41400,6.05
8/2/2007,6,6.08,6,6.01,117500,6.01
8/3/2007,5.91,6.1,5.82,6.05,52700,6.05
8/6/2007,6.05,6.25,6,6.07,21900,6.07
8/7/2007,6.13,6.15,5.91,5.91,67600,5.91
8/8/2007,6.05,6.15,5.83,5.89,16000,5.89
8/9/2007,5.89,6.33,5.85,6.25,18200,6.25
8/10/2007,6.22,7.17,6.16,6.71,74700,6.71
8/13/2007,6.95,7.3,6.57,7.12,87400,7.12
8/14/2007,7.06,7.35,6.57,7.03,27700,7.03
8/15/2007,6.56,7.25,6.56,7.24,19800,7.24
8/16/2007,7.4,7.86,7.08,7.18,20500,7.18
8/17/2007,7.25,7.71,6.65,7.71,43700,7.71
8/20/2007,7.82,7.82,6.95,7.44,24800,7.44
8/21/2007,7.39,7.44,7.32,7.44,1800,7.44
8/22/2007,7.43,7.44,6.76,7.22,15100,7.22
8/23/2007,7.07,7.35,6.84,7.34,7700,7.34
8/24/2007,7.33,7.4,7.21,7.26,11300,7.26
8/27/2007,7.38,7.65,7.35,7.46,27000,7.46
8/28/2007,7.12,7.71,7.12,7.7,14000,7.7
8/29/2007,7.74,8,7.26,7.5,19000,7.5
8/30/2007,7.59,7.6,7.19,7.49,45700,7.49
8/31/2007,7.5,7.5,7,7.24,96600,7.24
9/4/2007,7.19,7.5,6.94,7.12,8200,7.12
9/5/2007,6.95,7.03,6.92,7.03,10100,7.03
9/6/2007,6.99,7.02,6.95,7,5000,7
9/7/2007,7.19,7.39,7.09,7.38,12900,7.38
9/10/2007,7.35,7.35,7.31,7.31,73900,7.31
9/11/2007,7.27,7.27,6.94,7.24,11300,7.24
9/12/2007,7.05,7.06,6.78,6.98,34600,6.98
9/13/2007,6.82,6.82,6.31,6.52,90600,6.52
9/14/2007,6.5,6.55,6.25,6.55,13000,6.55
9/17/2007,6.56,6.56,6.13,6.47,12200,6.47
9/18/2007,6.24,6.24,5.86,6.01,79700,6.01
9/19/2007,5.99,6.05,5.91,5.95,15500,5.95
9/20/2007,5.95,6.03,5.8,5.89,18800,5.89
9/21/2007,5.97,6.16,5.97,6.09,5800,6.09
9/24/2007,6.11,6.11,6.11,6.11,700,6.11
9/25/2007,6.15,6.31,6.15,6.23,5400,6.23
9/26/2007,6.27,6.3,6.27,6.3,1900,6.3
9/27/2007,6.29,6.54,6.29,6.54,2400,6.54
9/28/2007,6.5,6.51,6.28,6.46,7600,6.46
10/1/2007,6.31,6.48,6.3,6.47,172200,6.47
10/2/2007,6.5,6.5,6.21,6.27,73100,6.27
10/3/2007,6.18,6.22,5.9,5.9,38900,5.9
10/4/2007,6.16,6.16,5.9,5.96,7300,5.96
10/5/2007,5.87,5.87,5.65,5.76,48400,5.76
10/8/2007,5.7,5.7,5.58,5.58,15100,5.58
10/9/2007,5.59,5.6,5.45,5.45,14800,5.45
10/10/2007,5.41,5.41,5.09,5.13,42700,5.13
10/11/2007,5.1,5.15,5.1,5.11,12000,5.11
10/12/2007,5.14,5.14,4.95,4.99,72000,4.99
10/15/2007,5.06,5.07,4.9,4.99,64700,4.99
10/16/2007,5.09,5.29,4.91,5.09,69900,5.09
10/17/2007,5.12,5.23,4.99,5.05,56000,5.05
10/18/2007,5.02,5.02,4.95,5,50500,5
10/19/2007,4.96,5.04,4.91,4.97,68000,4.97
10/22/2007,4.97,5.21,4.97,5.21,13900,5.21
10/23/2007,5.21,5.22,5.01,5.18,8300,5.18
10/24/2007,5.19,5.25,5.1,5.25,11400,5.25
10/25/2007,5.28,5.55,5.27,5.52,22900,5.52
10/26/2007,5.53,5.53,5.41,5.46,12500,5.46
10/29/2007,5.57,5.79,5.51,5.79,9700,5.79
10/30/2007,5.6,5.61,5.34,5.5,58400,5.5
10/31/2007,5.5,5.62,5.44,5.62,52500,5.62
11/1/2007,5.66,5.75,5.57,5.71,81300,5.71
11/2/2007,5.7,5.7,5,5,31000,5
11/5/2007,5.03,5.1,4.96,5,28200,5
11/6/2007,4.92,5.06,4.9,4.93,15200,4.93
11/7/2007,4.98,5.01,4.72,4.88,13400,4.88
11/8/2007,4.83,4.86,4.83,4.86,1200,4.86
11/9/2007,4.87,5.04,4.81,4.81,100600,4.81
11/12/2007,4.84,4.85,4.7,4.71,15200,4.71
11/13/2007,4.69,4.78,4.37,4.38,13000,4.38
11/14/2007,4.41,4.41,4.26,4.35,7400,4.35
11/15/2007,4.48,4.82,4.21,4.38,8400,4.38
11/16/2007,4.18,5,4.18,4.36,16300,4.36
11/19/2007,4.33,4.5,3.68,4.33,43600,4.33
11/20/2007,4.44,4.99,4.34,4.75,52800,4.75
11/21/2007,4.47,5.09,4.47,5,224200,5
11/23/2007,5.05,5.15,4.98,5.1,9600,5.1
11/26/2007,5.13,5.2,4.85,4.9,13900,4.9
11/27/2007,4.91,4.91,4.58,4.65,11900,4.65
11/28/2007,4.55,4.57,4.21,4.53,112100,4.53
11/29/2007,4.56,4.75,4.49,4.73,10600,4.73
11/30/2007,4.75,5.2,4.75,4.97,47300,4.97
12/3/2007,4.99,5,4.94,5,25100,5
12/4/2007,5.02,5.02,4.61,4.75,13400,4.75
12/5/2007,4.66,5.1,4.5,4.97,14300,4.97
12/6/2007,5.02,5.1,4.91,4.91,19600,4.91
12/7/2007,4.88,4.98,4.88,4.98,800,4.98
12/10/2007,5.01,5.06,4.84,4.84,6600,4.84
12/11/2007,4.81,4.81,4.67,4.71,9100,4.71
12/12/2007,4.76,4.93,4.46,4.58,10100,4.58
12/13/2007,4.68,4.82,4.68,4.82,4000,4.82
12/14/2007,4.84,4.85,4.82,4.82,1400,4.82
12/17/2007,4.82,4.95,4.71,4.85,26400,4.85
12/18/2007,4.88,5.01,4.85,4.85,7000,4.85
12/19/2007,4.82,4.87,4.3,4.65,51900,4.65
12/20/2007,4.68,4.83,4.5,4.5,19000,4.5
12/21/2007,4.49,4.71,4.49,4.59,4300,4.59
12/24/2007,4.6,4.65,4.47,4.61,12000,4.61
12/26/2007,4.83,4.97,4.45,4.48,9800,4.48
12/27/2007,4.4,4.46,4.17,4.25,51800,4.25
12/28/2007,4.25,4.74,4.2,4.29,20000,4.29
12/31/2007,4.21,4.99,4.05,4.99,54700,4.99
1/2/2008,4.93,4.93,4.2,4.21,34000,4.21
1/3/2008,4.28,4.4,4.28,4.35,4000,4.35
1/4/2008,4.5,4.5,4.09,4.29,16700,4.29
1/7/2008,4.15,4.25,4.03,4.16,24800,4.16
1/8/2008,4.17,4.47,4.17,4.31,20500,4.31
1/9/2008,4.39,4.68,4.35,4.39,21000,4.39
1/10/2008,4.34,4.37,4.25,4.26,6300,4.26
1/11/2008,4.37,4.51,4.28,4.28,4000,4.28
1/14/2008,4.22,4.99,3.99,4.8,301200,4.8
1/15/2008,4.87,4.98,4.79,4.79,10600,4.79
1/16/2008,4.91,5.23,4.91,5.15,23500,5.15
1/17/2008,5.26,5.41,5.13,5.18,8000,5.18
1/18/2008,5.2,5.2,4.79,5,8300,5
1/22/2008,4.62,5,3.9,4.64,22300,4.64
1/23/2008,4.56,4.76,4.5,4.65,3400,4.65
1/24/2008,4.57,4.57,3.75,3.87,29200,3.87
1/25/2008,3.97,4.25,3.92,4.17,9100,4.17
1/28/2008,4.14,4.14,3.95,4.01,12200,4.01
1/29/2008,4.1,4.2,3.26,4.2,55600,4.2
1/30/2008,4.05,4.27,3.74,3.78,60200,3.78
1/31/2008,3.8,4.16,3.75,3.81,36800,3.81
2/1/2008,4.05,5.38,3.91,5.38,118700,5.38
2/4/2008,5.25,6.6,4.54,6.6,110900,6.6
2/5/2008,6.47,6.75,5.99,6.1,54800,6.1
2/6/2008,6.22,6.6,5.65,5.73,12400,5.73
2/7/2008,5.59,5.81,5.16,5.23,47900,5.23
2/8/2008,5.23,5.23,4.96,5,10100,5
2/11/2008,5.22,5.22,4.85,4.88,9700,4.88
2/12/2008,4.85,4.93,4.6,4.9,10900,4.9
2/13/2008,4.94,5.08,4.91,4.92,19900,4.92
2/14/2008,5.04,5.08,4.99,5.01,16200,5.01
2/15/2008,5.02,5.02,4.81,4.81,5600,4.81
2/19/2008,4.76,4.92,4.36,4.75,29700,4.75
2/20/2008,4.81,4.81,4.25,4.26,5800,4.26
2/21/2008,4.34,4.43,4.18,4.2,37600,4.2
2/22/2008,4.3,4.35,4.3,4.31,8800,4.31
2/25/2008,4.34,4.76,4.25,4.73,8100,4.73
2/26/2008,4.65,5.11,4.58,5.11,17500,5.11
2/27/2008,5.06,5.24,5.05,5.1,16700,5.1
2/28/2008,4.59,5.49,4.5,4.84,14100,4.84
2/29/2008,5.08,5.24,4.82,5.13,13600,5.13
3/3/2008,5.35,5.43,5.18,5.18,20600,5.18
3/4/2008,5.17,5.2,5.1,5.1,1400,5.1
3/5/2008,4.95,4.95,4.37,4.53,24400,4.53
3/6/2008,4.45,4.45,4.29,4.44,493000,4.44
3/7/2008,4.59,4.59,4.24,4.48,16100,4.48
3/10/2008,4.62,4.62,4.44,4.5,5500,4.5
3/11/2008,4.42,4.45,4.24,4.24,6500,4.24
3/12/2008,4.37,4.4,4.27,4.27,2900,4.27
3/13/2008,4.15,4.39,4.15,4.39,3300,4.39
3/14/2008,4.38,4.5,4.17,4.17,4800,4.17
3/17/2008,4.36,4.61,4.18,4.3,1500,4.3
3/18/2008,4.24,4.24,4.05,4.17,2300,4.17
3/19/2008,4.29,4.43,4.2,4.39,4400,4.39
3/20/2008,4.28,4.5,4.19,4.21,5200,4.21
3/24/2008,4.27,4.35,4.23,4.29,12300,4.29
3/25/2008,4.31,4.41,4.31,4.4,3500,4.4
3/26/2008,4.45,4.46,4.32,4.32,18700,4.32
3/27/2008,4.39,4.42,4.1,4.1,50900,4.1
3/28/2008,4.08,4.2,3.91,4.05,25900,4.05
3/31/2008,4.41,4.63,4.02,4.43,20100,4.43
4/1/2008,4.25,4.25,4,4,11800,4
4/2/2008,3.99,4.11,3.55,3.9,32400,3.9
4/3/2008,4.06,4.36,3.95,4.15,19900,4.15
4/4/2008,4.31,4.31,3.9,4,5000,4
4/7/2008,3.95,4.2,3.95,4.14,2000,4.14
4/8/2008,4.3,4.35,4.02,4.14,27100,4.14
4/9/2008,4.11,4.11,4.07,4.07,47800,4.07
4/10/2008,4.05,4.49,4.05,4.45,3600,4.45
4/11/2008,4.35,4.4,4.16,4.17,7300,4.17
4/14/2008,4.1,4.1,4.03,4.07,3100,4.07
4/15/2008,4.02,4.17,3.95,4.04,66600,4.04
4/16/2008,4.14,4.24,3.83,3.83,7300,3.83
4/17/2008,3.94,4.29,3.77,3.82,6500,3.82
4/18/2008,3.85,4.18,3.85,4.05,17100,4.05
4/21/2008,4,4,3.89,3.98,3900,3.98
4/22/2008,3.88,3.94,3.87,3.94,1800,3.94
4/23/2008,3.91,4.15,3.88,3.94,7400,3.94
4/24/2008,3.9,4,3.9,4,3600,4
4/25/2008,4.02,4.05,3.96,3.96,5300,3.96
4/28/2008,4.02,4.05,3.95,3.95,3900,3.95
4/29/2008,3.89,4.02,3.73,3.75,25000,3.75
4/30/2008,3.89,4.5,3.73,4.45,43700,4.45
5/1/2008,4.4,4.43,3.73,3.73,40400,3.73
5/2/2008,3.75,4.02,3.7,3.7,13600,3.7
5/5/2008,3.74,4.09,3.73,3.87,4700,3.87
5/6/2008,3.91,4.18,3.76,3.95,5700,3.95
5/7/2008,3.98,4.04,3.98,4,1500,4
5/8/2008,3.96,4,3.95,3.95,2600,3.95
5/9/2008,3.9,4,3.87,3.87,5300,3.87
5/12/2008,3.98,4,3.66,3.75,25400,3.75
5/13/2008,3.72,3.9,3.72,3.76,2600,3.76
5/14/2008,3.77,3.82,3.64,3.64,2300,3.64
5/15/2008,3.72,3.79,3.64,3.64,2900,3.64
5/16/2008,3.85,4.04,3.64,3.66,20800,3.66
5/19/2008,3.76,3.79,3.71,3.74,600,3.74
5/20/2008,3.73,3.73,3.52,3.53,2800,3.53
5/21/2008,3.6,3.6,3.48,3.48,4400,3.48
5/22/2008,3.48,3.55,3.33,3.33,13500,3.33
5/23/2008,3.45,3.45,2.37,3.1,47100,3.1
5/27/2008,3.55,4.01,3,3.01,24700,3.01
5/28/2008,2.99,3.01,2.8,2.94,8400,2.94
5/29/2008,2.8,3.01,2.8,2.99,16700,2.99
5/30/2008,3.03,3.5,2.91,3.1,26500,3.1
6/2/2008,2.65,3,2.65,2.98,7400,2.98
6/3/2008,2.75,3,2.71,2.93,8300,2.93
6/4/2008,2.86,2.99,2.75,2.99,5800,2.99
6/5/2008,3,3,2.85,2.91,9900,2.91
6/6/2008,2.9,2.9,2.72,2.88,3100,2.88
6/9/2008,3.24,3.24,2.75,2.75,3400,2.75
6/10/2008,2.68,2.87,2.31,2.87,80600,2.87
6/11/2008,2.73,2.82,2.65,2.82,11500,2.82
6/12/2008,2.79,2.83,2.65,2.65,7900,2.65
6/13/2008,3.14,3.14,2.76,3,72300,3
6/16/2008,3,3.16,2.89,2.92,77700,2.92
6/17/2008,2.91,2.95,2.85,2.85,58600,2.85
6/18/2008,2.88,2.93,2.85,2.85,63000,2.85
6/19/2008,2.8,2.95,2.8,2.8,79400,2.8
6/20/2008,2.8,2.81,1.98,2.1,490200,2.1
6/23/2008,2.17,2.45,1.96,2.16,163500,2.16
6/24/2008,2.2,2.2,2.05,2.16,97600,2.16
6/25/2008,2.16,2.35,2.15,2.25,28800,2.25
6/26/2008,2.31,2.32,2.2,2.25,32100,2.25
6/27/2008,2.29,2.38,2.26,2.26,29700,2.26
6/30/2008,2.29,2.35,2.12,2.23,38600,2.23
7/1/2008,2.27,2.28,2.05,2.09,18900,2.09
7/2/2008,2.07,2.19,2.05,2.06,25300,2.06
7/3/2008,2.11,2.24,1.99,2.24,115000,2.24
7/7/2008,2.28,2.28,2.1,2.11,67000,2.11
7/8/2008,2.1,2.18,2.02,2.02,46300,2.02
7/9/2008,1.99,2.16,1.98,2.02,42900,2.02
7/10/2008,2.06,2.06,1.87,2,32000,2
7/11/2008,1.88,2,1.81,1.94,46300,1.94
7/14/2008,1.99,2.06,1.95,1.97,7200,1.97
7/15/2008,1.99,2.2,1.99,2.05,71400,2.05
7/16/2008,2.08,2.18,2,2.03,25900,2.03
7/17/2008,2.07,2.09,1.96,1.98,17200,1.98
7/18/2008,2.02,2.05,1.97,1.99,13200,1.99
7/21/2008,2.05,2.06,1.95,2.02,20100,2.02
7/22/2008,2.09,2.13,1.95,2.01,11100,2.01
7/23/2008,2.09,3.02,2,2.8,81800,2.8
7/24/2008,2.89,2.98,2.64,2.68,42800,2.68
7/25/2008,2.75,2.89,2.72,2.8,27900,2.8
7/28/2008,2.84,2.85,2.73,2.79,6200,2.79
7/29/2008,2.64,2.9,2.5,2.66,27500,2.66
7/30/2008,2.7,2.8,2.44,2.53,29400,2.53
7/31/2008,2.65,2.84,2.45,2.83,50700,2.83
8/1/2008,2.83,2.87,2.77,2.79,12000,2.79
8/4/2008,2.85,3,2.8,2.85,21100,2.85
8/5/2008,2.86,2.9,2.79,2.84,10900,2.84
8/6/2008,2.8,2.83,2.8,2.82,14000,2.82
8/7/2008,2.8,2.83,2.77,2.8,4800,2.8
8/8/2008,2.8,2.82,2.8,2.8,2000,2.8
8/11/2008,2.76,2.81,2.76,2.79,9100,2.79
8/12/2008,2.75,2.77,2.75,2.77,1300,2.77
8/13/2008,2.89,2.89,2.75,2.75,8200,2.75
8/14/2008,2.78,2.78,2.69,2.74,4100,2.74
8/15/2008,2.74,2.75,2.7,2.7,2000,2.7
8/18/2008,2.79,2.79,2.61,2.66,3700,2.66
8/19/2008,2.65,2.65,2.56,2.59,5000,2.59
8/20/2008,2.57,2.62,2.56,2.61,1400,2.61
8/21/2008,2.99,3,2.71,2.71,1900,2.71
8/22/2008,2.8,2.88,2.7,2.7,4400,2.7
8/25/2008,2.66,2.68,2.66,2.68,600,2.68
8/26/2008,2.62,2.68,2.56,2.59,7600,2.59
8/27/2008,2.54,2.78,2.05,2.15,79400,2.15
8/28/2008,2.2,2.46,2,2.3,37200,2.3
8/29/2008,2.03,2.62,2.03,2.43,26100,2.43
9/2/2008,2.54,2.6,2.29,2.48,10200,2.48
9/3/2008,2.41,2.53,2.4,2.45,3700,2.45
9/4/2008,2.29,2.31,2.17,2.26,7500,2.26
9/5/2008,2.23,2.23,2.1,2.14,13800,2.14
9/8/2008,2.4,2.4,2.2,2.2,6900,2.2
9/9/2008,2.36,2.37,2.24,2.24,4500,2.24
9/10/2008,2.2,2.2,2.11,2.11,8600,2.11
9/11/2008,2.06,2.54,1.9,1.9,14000,1.9
9/12/2008,2.49,2.49,1.93,2.15,15700,2.15
9/15/2008,2.43,2.43,1.96,1.96,57600,1.96
9/16/2008,1.89,2.16,1.85,2.03,17100,2.03
9/17/2008,2.01,2.01,1.2,1.79,71100,1.79
9/18/2008,2.08,2.08,1.4,1.75,33200,1.75
9/19/2008,1.76,1.99,1.57,1.57,28300,1.57
9/22/2008,1.54,1.73,1.38,1.42,27100,1.42
9/23/2008,1.35,1.6,1.34,1.6,8400,1.6
9/24/2008,1.61,1.68,1.49,1.62,3700,1.62
9/25/2008,1.3,1.35,1.15,1.32,164200,1.32
9/26/2008,1.35,1.35,1.2,1.22,34200,1.22
9/29/2008,1.3,1.34,1,1.03,68700,1.03
9/30/2008,1.05,1.31,0.85,1.3,234800,1.3
10/1/2008,1.3,1.31,1.1,1.15,294400,1.15
10/2/2008,1.12,1.45,1.12,1.23,40900,1.23
10/3/2008,1.28,1.43,1.25,1.4,13400,1.4
10/6/2008,1.43,1.65,1.28,1.65,126700,1.65
10/7/2008,1.99,1.99,1.5,1.67,35400,1.67
10/8/2008,1.65,1.86,1.45,1.5,30900,1.5
10/9/2008,1.69,1.75,1.65,1.75,5000,1.75
10/10/2008,1.69,2,1.5,1.55,27200,1.55
10/13/2008,1.97,1.98,1.51,1.51,18400,1.51
10/14/2008,1.51,1.68,1.51,1.65,7700,1.65
10/15/2008,1.67,1.72,1.55,1.62,8800,1.62
10/16/2008,1.74,1.74,1.68,1.68,1700,1.68
10/17/2008,1.85,1.94,1.55,1.79,16900,1.79
10/20/2008,1.6,1.95,1.6,1.84,16900,1.84
10/21/2008,1.9,1.9,1.79,1.79,3700,1.79
10/22/2008,1.8,1.8,1.6,1.72,8700,1.72
10/23/2008,1.58,1.58,1.27,1.36,46100,1.36
10/24/2008,1.5,1.5,1.48,1.48,1800,1.48
10/27/2008,1.47,1.5,1.22,1.32,254000,1.32
10/28/2008,1.5,1.5,0.9,1.35,94400,1.35
10/29/2008,1.38,1.38,1.02,1.29,24400,1.29
10/30/2008,1.06,1.37,1.06,1.14,8700,1.14
10/31/2008,1.15,1.89,1,1.6,41400,1.6
11/3/2008,1.78,1.78,1.48,1.49,15400,1.49
11/4/2008,1.49,1.51,1.37,1.37,10300,1.37
11/5/2008,1.42,1.51,1.42,1.42,7100,1.42
11/6/2008,1.37,1.38,1.36,1.36,2200,1.36
11/7/2008,1.3,1.36,1.3,1.36,1900,1.36
11/10/2008,1.43,1.43,1.3,1.3,4800,1.3
11/11/2008,1.3,1.31,1.28,1.3,1200,1.3
11/12/2008,1.28,1.41,1.2,1.25,24400,1.25
11/13/2008,1.3,1.3,1.25,1.26,2000,1.26
11/14/2008,1.22,1.22,1.2,1.21,400,1.21
11/17/2008,1.06,1.18,1.05,1.15,14100,1.15
11/18/2008,1.05,1.17,1.05,1.15,16700,1.15
11/19/2008,1.12,1.12,1.05,1.07,2800,1.07
11/20/2008,1.05,1.05,1,1,5600,1
11/21/2008,0.96,1.02,0.9,1,21800,1
11/24/2008,1,1.04,1,1,18900,1
11/25/2008,1.02,1.15,1,1,24700,1
11/26/2008,1,1.11,0.98,1.02,61000,1.02
11/28/2008,1.02,1.14,1.02,1.14,3700,1.14
12/1/2008,1.16,1.35,1.01,1.02,14100,1.02
12/2/2008,1,1.07,1,1,17900,1
12/3/2008,1.01,1.01,1,1,4100,1
12/4/2008,1,1.03,0.97,1,322200,1
12/5/2008,0.96,1.15,0.95,1.01,4600,1.01
12/8/2008,1,1.09,1,1,161200,1
12/9/2008,0.98,1.03,0.98,1.01,97700,1.01
12/10/2008,1.08,1.08,1.01,1.01,8800,1.01
12/11/2008,1.01,1.03,0.99,1,30500,1
12/12/2008,0.99,1.02,0.99,1,4300,1
12/15/2008,1.03,1.05,1.03,1.05,1200,1.05
12/16/2008,1.09,1.09,1.01,1.01,4400,1.01
12/17/2008,1,1,0.99,0.99,8000,0.99
12/18/2008,1,1,0.95,0.95,364100,0.95
12/19/2008,0.89,1.06,0.85,0.85,15600,0.85
12/22/2008,0.85,0.9,0.85,0.87,3600,0.87
12/23/2008,0.95,1,0.94,0.94,31100,0.94
12/24/2008,0.94,0.99,0.93,0.99,11200,0.99
12/26/2008,0.99,0.99,0.88,0.88,14300,0.88
12/29/2008,0.88,1.05,0.88,0.88,38500,0.88
12/30/2008,1.02,1.02,0.88,0.88,46200,0.88
12/31/2008,0.88,0.92,0.65,0.68,217800,0.68
1/2/2009,0.75,0.78,0.7,0.75,280300,0.75
1/5/2009,0.84,0.84,0.73,0.82,307200,0.82
1/6/2009,0.85,0.85,0.82,0.82,107300,0.82
1/7/2009,0.83,0.87,0.83,0.83,58700,0.83
1/8/2009,0.86,0.96,0.83,0.93,155100,0.93
1/9/2009,0.97,1.36,0.96,1.25,145600,1.25
1/12/2009,1.3,1.3,1.1,1.2,42300,1.2
1/13/2009,1.08,1.18,1.06,1.08,19600,1.08
1/14/2009,1.12,1.18,1.06,1.13,15100,1.13
1/15/2009,1.19,1.19,1.07,1.09,6000,1.09
1/16/2009,1.07,1.08,0.96,1.04,11900,1.04
1/20/2009,1,1,0.93,0.93,6400,0.93
1/21/2009,0.95,0.99,0.93,0.97,7200,0.97
1/22/2009,0.93,0.95,0.91,0.93,8100,0.93
1/23/2009,0.93,1.01,0.92,1,12700,1
1/26/2009,1.05,1.1,1.04,1.04,34300,1.04
1/27/2009,1.09,1.11,1.06,1.08,5500,1.08
1/28/2009,1.13,1.25,1.09,1.18,52300,1.18
1/29/2009,1.18,1.2,1.15,1.2,9800,1.2
1/30/2009,1.15,1.15,1.05,1.06,2500,1.06
2/2/2009,1.12,1.15,1.1,1.11,8100,1.11
2/3/2009,1.28,1.28,1.13,1.24,32700,1.24
2/4/2009,1.2,1.24,1.2,1.22,4200,1.22
2/5/2009,1.21,1.27,1.21,1.25,5300,1.25
2/6/2009,1.28,1.3,1.28,1.3,13000,1.3
2/9/2009,1.31,1.4,1.3,1.4,25400,1.4
2/10/2009,1.36,1.4,1.35,1.35,23300,1.35
2/11/2009,1.37,1.42,1.34,1.4,13300,1.4
2/12/2009,1.42,1.56,1.36,1.55,19800,1.55
2/13/2009,1.55,1.75,1.46,1.75,26800,1.75
2/17/2009,1.7,1.7,1.5,1.69,66700,1.69
2/18/2009,1.66,1.72,1.6,1.72,51100,1.72
2/19/2009,1.72,1.72,1.66,1.69,8700,1.69
2/20/2009,1.65,1.65,1.56,1.59,19800,1.59
2/23/2009,1.55,1.58,1.5,1.53,15400,1.53
2/24/2009,1.55,1.57,1.52,1.54,5500,1.54
2/25/2009,1.55,1.72,1.52,1.6,12100,1.6
2/26/2009,1.65,1.72,1.5,1.56,18800,1.56
2/27/2009,1.51,1.6,1.51,1.58,4900,1.58
3/2/2009,1.52,1.52,1.3,1.3,24800,1.3
3/3/2009,1.38,1.47,1.31,1.4,16900,1.4
3/4/2009,1.4,1.65,1.4,1.4,15700,1.4
3/5/2009,1.4,1.4,1.35,1.37,4500,1.37
3/6/2009,1.32,1.48,1.31,1.48,29700,1.48
3/9/2009,1.64,1.65,1.51,1.51,22200,1.51
3/10/2009,1.5,1.55,1.49,1.49,3100,1.49
3/11/2009,1.72,1.72,1.49,1.63,2900,1.63
3/12/2009,1.71,1.71,1.4,1.56,34100,1.56
3/13/2009,1.69,1.72,1.42,1.48,39700,1.48
3/16/2009,1.55,1.55,1.46,1.47,1700,1.47
3/17/2009,1.5,1.5,1.32,1.47,2300,1.47
3/18/2009,1.53,1.55,1.3,1.38,12800,1.38
3/19/2009,1.38,1.38,1.38,1.38,0,1.38
3/20/2009,1.4,1.52,1.4,1.52,6100,1.52
3/23/2009,1.58,1.58,1.4,1.52,12300,1.52
3/24/2009,1.55,1.68,1.55,1.68,42800,1.68
3/25/2009,1.69,1.76,1.6,1.69,21700,1.69
3/26/2009,1.8,1.8,1.62,1.68,3900,1.68
3/27/2009,1.73,1.79,1.68,1.68,5200,1.68
3/30/2009,1.61,1.61,1.55,1.56,5700,1.56
3/31/2009,1.56,1.57,1.56,1.57,3900,1.57
4/1/2009,1.54,1.55,1.49,1.55,2700,1.55
4/2/2009,1.57,1.73,1.57,1.65,7300,1.65
4/3/2009,1.64,1.65,1.49,1.63,1600,1.63
4/6/2009,1.79,1.79,1.71,1.71,2200,1.71
4/7/2009,1.71,1.71,1.42,1.6,6900,1.6
4/8/2009,1.52,1.65,1.47,1.53,3800,1.53
4/9/2009,1.56,1.67,1.55,1.67,5000,1.67
4/13/2009,1.61,1.61,1.6,1.6,700,1.6
4/14/2009,1.55,1.67,1.55,1.61,10500,1.61
4/15/2009,1.68,1.75,1.65,1.65,8200,1.65
4/16/2009,1.66,2,1.62,1.63,43000,1.63
4/17/2009,1.84,1.84,1.64,1.64,13800,1.64
4/20/2009,1.62,1.62,1.41,1.59,20800,1.59
4/21/2009,1.6,1.89,1.6,1.61,3800,1.61
4/22/2009,1.64,1.65,1.61,1.61,3800,1.61
4/23/2009,1.62,1.68,1.59,1.68,23900,1.68
4/24/2009,1.9,2,1.68,1.85,42900,1.85
4/27/2009,1.69,1.71,1.52,1.6,14800,1.6
4/28/2009,1.62,1.75,1.62,1.7,13300,1.7
4/29/2009,1.76,1.77,1.63,1.77,6200,1.77
4/30/2009,1.78,1.81,1.69,1.74,8600,1.74
5/1/2009,1.79,1.79,1.69,1.73,26200,1.73
5/4/2009,1.75,1.75,1.65,1.69,11800,1.69
5/5/2009,1.69,1.69,1.63,1.65,3300,1.65
5/6/2009,1.72,1.75,1.66,1.66,8700,1.66
5/7/2009,1.74,1.77,1.65,1.67,37600,1.67
5/8/2009,1.66,1.77,1.65,1.74,15000,1.74
5/11/2009,1.65,1.8,1.65,1.8,14100,1.8
5/12/2009,1.74,1.94,1.66,1.7,16100,1.7
5/13/2009,1.77,2.08,1.73,2.04,64400,2.04
5/14/2009,2,2.1,2,2.05,31200,2.05
5/15/2009,2.04,2.05,1.49,1.62,146800,1.62
5/18/2009,1.55,1.55,1.48,1.48,100600,1.48
5/19/2009,1.5,1.55,1.43,1.44,48300,1.44
5/20/2009,1.53,1.53,1.4,1.46,20600,1.46
5/21/2009,1.48,1.5,1.4,1.4,21700,1.4
5/22/2009,1.4,1.42,1.28,1.29,31700,1.29
5/26/2009,1.29,1.31,1.26,1.26,7300,1.26
5/27/2009,1.26,1.26,1.2,1.25,19700,1.25
5/28/2009,1.21,1.37,1.1,1.26,22900,1.26
5/29/2009,1.22,1.23,1.16,1.23,4300,1.23
6/1/2009,1.19,1.2,1.13,1.14,19300,1.14
6/2/2009,1.19,1.2,1.17,1.17,9000,1.17
6/3/2009,1.2,1.2,1.1,1.16,14300,1.16
6/4/2009,1.17,1.19,1.17,1.19,1300,1.19
6/5/2009,1.23,1.23,1.18,1.18,7100,1.18
6/8/2009,1.2,1.22,1.2,1.21,16800,1.21
6/9/2009,1.25,1.58,1.24,1.44,41600,1.44
6/10/2009,1.4,1.52,1.39,1.52,33400,1.52
6/11/2009,1.5,1.52,1.44,1.49,8300,1.49
6/12/2009,1.45,1.49,1.4,1.46,3800,1.46
6/15/2009,1.56,1.56,1.4,1.51,7700,1.51
6/16/2009,1.5,1.59,1.5,1.56,11200,1.56
6/17/2009,1.59,1.59,1.56,1.56,20000,1.56
6/18/2009,1.38,1.52,1.37,1.5,4300,1.5
6/19/2009,1.51,1.52,1.25,1.3,31400,1.3
6/22/2009,1.29,1.29,1.25,1.28,5600,1.28
6/23/2009,1.25,1.29,1.24,1.29,6700,1.29
6/24/2009,1.3,1.34,1.3,1.34,1500,1.34
6/25/2009,1.4,1.4,1.33,1.33,7000,1.33
6/26/2009,1.35,1.36,1.29,1.35,5200,1.35
6/29/2009,1.35,1.78,1.3,1.4,121300,1.4
6/30/2009,1.76,1.76,1.45,1.6,49600,1.6
7/1/2009,1.67,1.69,1.66,1.69,21100,1.69
7/2/2009,1.75,1.75,1.55,1.68,7300,1.68
7/6/2009,1.65,1.69,1.65,1.69,11000,1.69
7/7/2009,1.71,1.75,1.55,1.64,11700,1.64
7/8/2009,1.49,1.58,1.48,1.55,7300,1.55
7/9/2009,1.5,1.51,1.38,1.38,6200,1.38
7/10/2009,1.39,1.41,1.39,1.4,1300,1.4
7/13/2009,1.41,1.41,1.3,1.39,4200,1.39
7/14/2009,1.39,1.42,1.37,1.41,3900,1.41
7/15/2009,1.47,2.05,1.42,2,108400,2
7/16/2009,2.07,2.41,1.89,2.38,99400,2.38
7/17/2009,2.42,2.42,1.57,1.95,93500,1.95
7/20/2009,1.84,1.85,1.6,1.82,61500,1.82
7/21/2009,1.8,1.9,1.68,1.69,6400,1.69
7/22/2009,1.69,1.92,1.69,1.75,9100,1.75
7/23/2009,1.76,1.85,1.62,1.7,19200,1.7
7/24/2009,1.72,1.78,1.71,1.76,9900,1.76
7/27/2009,1.75,2,1.72,1.89,22800,1.89
7/28/2009,1.95,2,1.91,1.95,13500,1.95
7/29/2009,2,2.3,2,2.25,62600,2.25
7/30/2009,2.18,2.33,2.18,2.29,16700,2.29
7/31/2009,2.22,2.42,2,2.05,38800,2.05
8/3/2009,2.05,2.13,2.01,2.09,22400,2.09
8/4/2009,2,2,1.84,1.95,23500,1.95
8/5/2009,2,2.42,1.95,2.02,25900,2.02
8/6/2009,2.03,2.04,1.95,2.01,15800,2.01
8/7/2009,2.09,2.18,2.04,2.04,23100,2.04
8/10/2009,2.03,2.03,1.96,1.99,7600,1.99
8/11/2009,2.01,2.03,1.99,1.99,16800,1.99
8/12/2009,2.03,2.08,1.9,1.99,27200,1.99
8/13/2009,1.99,2.03,1.94,1.97,5300,1.97
8/14/2009,2.03,2.03,1.75,1.83,39000,1.83
8/17/2009,1.81,1.83,1.75,1.79,8200,1.79
8/18/2009,1.79,1.79,1.65,1.79,42000,1.79
8/19/2009,1.75,1.78,1.73,1.75,6600,1.75
8/20/2009,1.99,1.99,1.73,1.73,2800,1.73
8/21/2009,1.8,1.8,1.79,1.8,7600,1.8
8/24/2009,1.59,1.8,1.59,1.66,49600,1.66
8/25/2009,1.79,1.79,1.55,1.68,16200,1.68
8/26/2009,1.74,1.78,1.68,1.78,15000,1.78
8/27/2009,1.8,1.99,1.69,1.87,31200,1.87
8/28/2009,1.97,1.99,1.78,1.89,29500,1.89
8/31/2009,1.94,1.94,1.75,1.81,13200,1.81
9/1/2009,1.75,1.83,1.7,1.73,15300,1.73
9/2/2009,1.73,1.73,1.43,1.62,36900,1.62
9/3/2009,1.56,1.58,1.46,1.48,27200,1.48
9/4/2009,1.59,1.67,1.55,1.58,15700,1.58
9/8/2009,1.65,1.65,1.38,1.44,45000,1.44
9/9/2009,1.5,1.61,1.43,1.49,64600,1.49
9/10/2009,1.61,1.66,1.38,1.53,36700,1.53
9/11/2009,1.65,1.72,1.62,1.7,49100,1.7
9/14/2009,1.66,1.71,1.65,1.7,10300,1.7
9/15/2009,1.71,1.77,1.66,1.77,38200,1.77
9/16/2009,1.82,1.93,1.8,1.93,19600,1.93
9/17/2009,1.9,1.92,1.8,1.85,21200,1.85
9/18/2009,1.81,1.9,1.78,1.9,8600,1.9
9/21/2009,1.9,1.97,1.84,1.95,29900,1.95
9/22/2009,1.96,1.96,1.9,1.9,31400,1.9
9/23/2009,1.88,1.89,1.69,1.73,29600,1.73
9/24/2009,1.76,1.76,1.71,1.72,7700,1.72
9/25/2009,1.76,1.76,1.59,1.59,43500,1.59
9/28/2009,1.75,1.76,1.65,1.73,25500,1.73
9/29/2009,1.74,1.74,1.64,1.65,18500,1.65
9/30/2009,1.66,1.68,1.6,1.6,15600,1.6
10/1/2009,1.6,1.62,1.59,1.59,13000,1.59
10/2/2009,1.55,1.61,1.51,1.55,11700,1.55
10/5/2009,1.53,1.53,1.5,1.52,23300,1.52
10/6/2009,1.5,1.7,1.48,1.7,35600,1.7
10/7/2009,1.66,1.79,1.66,1.78,41800,1.78
10/8/2009,1.8,1.84,1.63,1.71,37200,1.71
10/9/2009,1.74,1.95,1.67,1.83,47300,1.83
10/12/2009,1.89,1.89,1.52,1.67,62000,1.67
10/13/2009,1.72,1.81,1.72,1.79,10900,1.79
10/14/2009,1.8,1.8,1.75,1.8,3300,1.8
10/15/2009,2,2.24,1.95,1.96,283800,1.96
10/16/2009,2,2,1.8,1.88,29000,1.88
10/19/2009,1.93,1.99,1.92,1.99,23200,1.99
10/20/2009,2.01,2.03,1.85,1.87,19000,1.87
10/21/2009,1.86,1.96,1.85,1.93,19600,1.93
10/22/2009,1.9,1.94,1.85,1.85,12300,1.85
10/23/2009,1.9,1.9,1.85,1.85,15400,1.85
10/26/2009,1.92,1.94,1.88,1.9,11400,1.9
10/27/2009,1.93,1.97,1.91,1.95,36400,1.95
10/28/2009,2,2.1,1.75,1.89,31700,1.89
10/29/2009,1.86,1.86,1.75,1.75,13200,1.75
10/30/2009,1.8,1.8,1.66,1.66,11700,1.66
11/2/2009,1.68,1.78,1.65,1.7,23800,1.7
11/3/2009,1.8,1.8,1.73,1.77,2100,1.77
11/4/2009,1.71,1.77,1.71,1.75,2000,1.75
11/5/2009,1.71,1.71,1.47,1.59,74400,1.59
11/6/2009,1.5,1.76,1.5,1.71,25500,1.71
11/9/2009,1.63,1.81,1.63,1.78,24700,1.78
11/10/2009,1.8,1.8,1.65,1.69,15500,1.69
11/11/2009,1.67,1.83,1.67,1.81,41100,1.81
11/12/2009,1.87,1.94,1.83,1.92,74000,1.92
11/13/2009,1.9,1.94,1.9,1.92,10900,1.92
11/16/2009,2,2,1.91,1.94,40700,1.94
11/17/2009,1.97,2.02,1.94,2.02,40600,2.02
11/18/2009,2.01,2.05,1.85,2.02,163100,2.02
11/19/2009,2.03,2.03,1.86,1.9,34300,1.9
11/20/2009,1.94,1.99,1.92,1.92,14500,1.92
11/23/2009,1.87,1.88,1.85,1.87,5900,1.87
11/24/2009,1.88,1.89,1.88,1.88,29700,1.88
11/25/2009,1.88,1.88,1.88,1.88,1900,1.88
11/27/2009,1.9,1.98,1.8,1.88,54600,1.88
11/30/2009,2.05,2.1,1.89,2.1,185300,2.1
12/1/2009,2.14,2.25,2.14,2.23,139900,2.23
12/2/2009,2.24,2.28,2.2,2.21,61500,2.21
12/3/2009,2.29,2.3,2.15,2.15,76400,2.15
12/4/2009,2.2,2.24,2.18,2.24,57800,2.24
12/7/2009,2.25,2.3,2.2,2.25,119400,2.25
12/8/2009,2.32,2.32,2.16,2.2,62200,2.2
12/9/2009,2.2,2.2,2.07,2.09,33800,2.09
12/10/2009,2.17,2.17,2.1,2.17,32500,2.17
12/11/2009,2.15,2.16,2.1,2.1,37300,2.1
12/14/2009,2.15,2.15,2.06,2.09,23900,2.09
12/15/2009,2.09,2.17,2.07,2.15,27500,2.15
12/16/2009,3.74,3.89,3.13,3.19,8967000,3.19
12/17/2009,3.11,3.5,3.05,3.5,2036900,3.5
12/18/2009,3.42,3.5,3.25,3.28,328300,3.28
12/21/2009,3.28,3.61,3.26,3.36,478500,3.36
12/22/2009,3.4,3.45,3.02,3.18,389900,3.18
12/23/2009,3.72,3.88,3.37,3.48,3454500,3.48
12/24/2009,3.59,3.6,3.3,3.33,406900,3.33
12/28/2009,3.43,3.43,3.13,3.18,366700,3.18
12/29/2009,3.17,3.23,2.98,3.16,592600,3.16
12/30/2009,3.15,3.15,2.9,3.04,365000,3.04
12/31/2009,3.04,3.3,2.9,3.11,389000,3.11
1/4/2010,3.1,3.23,3.1,3.13,198600,3.13
1/5/2010,3.13,3.23,3.03,3.2,359700,3.2
1/6/2010,3.25,3.6,3.12,3.34,1425000,3.34
1/7/2010,3.31,3.5,3.31,3.47,465100,3.47
1/8/2010,3.46,3.46,3.37,3.39,299100,3.39
1/11/2010,3.78,3.8,3.05,3.05,4831900,3.05
1/12/2010,3.15,3.24,2.98,3.12,793400,3.12
1/13/2010,3.12,3.17,3,3.01,309500,3.01
1/14/2010,3.01,3.1,2.83,2.83,405800,2.83
1/15/2010,2.87,2.9,2.65,2.7,596100,2.7
1/19/2010,2.66,2.81,2.58,2.68,400100,2.68
1/20/2010,2.72,2.73,2.59,2.7,296900,2.7
1/21/2010,2.69,2.71,2.45,2.6,658700,2.6
1/22/2010,2.44,2.44,2.24,2.28,2549700,2.28
1/25/2010,2.25,2.38,2.18,2.29,583200,2.29
1/26/2010,2.32,2.54,2.29,2.32,1016000,2.32
1/27/2010,2.3,2.33,2.15,2.24,298000,2.24
1/28/2010,2.28,2.69,2.24,2.38,2297900,2.38
1/29/2010,2.42,2.67,2.28,2.36,981500,2.36
2/1/2010,2.4,2.5,2.38,2.42,873100,2.42
2/2/2010,2.6,2.87,2.49,2.7,3074400,2.7
2/3/2010,2.62,2.78,2.61,2.71,720000,2.71
2/4/2010,2.72,2.73,2.42,2.52,709300,2.52
2/5/2010,2.49,2.5,2.35,2.38,473300,2.38
2/8/2010,2.42,2.5,2.31,2.42,389600,2.42
2/9/2010,2.47,2.51,2.32,2.37,344600,2.37
2/10/2010,2.41,2.52,2.33,2.51,253100,2.51
2/11/2010,2.5,2.56,2.38,2.5,215500,2.5
2/12/2010,2.5,2.5,2.36,2.41,334200,2.41
2/16/2010,2.44,2.48,2.35,2.39,449000,2.39
2/17/2010,2.48,2.5,2.33,2.35,421000,2.35
2/18/2010,2.35,2.4,2.32,2.38,110000,2.38
2/19/2010,2.41,2.42,2.37,2.39,83600,2.39
2/22/2010,2.37,2.44,2.33,2.4,121300,2.4
2/23/2010,2.36,2.36,2.3,2.3,159400,2.3
2/24/2010,2.34,2.34,2.21,2.23,161400,2.23
2/25/2010,2.22,2.28,2.12,2.28,209400,2.28
2/26/2010,2.26,2.34,2.25,2.33,109000,2.33
3/1/2010,2.36,2.38,2.25,2.27,134100,2.27
3/2/2010,2.31,2.31,2.19,2.3,153600,2.3
3/3/2010,2.27,2.33,2.24,2.31,69200,2.31
3/4/2010,2.31,2.33,2.28,2.32,74200,2.32
3/5/2010,2.32,2.44,2.3,2.43,231200,2.43
3/8/2010,2.43,2.45,2.35,2.44,150300,2.44
3/9/2010,2.43,2.83,2.39,2.64,955800,2.64
3/10/2010,2.68,2.75,2.61,2.7,424300,2.7
3/11/2010,2.7,2.74,2.62,2.7,141200,2.7
3/12/2010,2.69,2.74,2.51,2.62,229000,2.62
3/15/2010,2.66,2.74,2.62,2.65,137100,2.65
3/16/2010,2.7,2.92,2.59,2.87,566600,2.87
3/17/2010,2.91,2.95,2.76,2.87,252300,2.87
3/18/2010,2.89,2.91,2.76,2.84,101400,2.84
3/19/2010,2.76,2.83,2.64,2.76,226100,2.76
3/22/2010,2.79,2.86,2.69,2.8,203000,2.8
3/23/2010,2.81,2.81,2.76,2.8,67800,2.8
3/24/2010,2.76,2.79,2.66,2.78,96600,2.78
3/25/2010,2.77,2.8,2.62,2.62,243800,2.62
3/26/2010,2.61,2.67,2.54,2.58,158500,2.58
3/29/2010,2.59,2.75,2.59,2.74,124500,2.74
3/30/2010,2.74,2.84,2.68,2.75,154800,2.75
3/31/2010,2.75,2.81,2.7,2.77,154100,2.77
4/1/2010,2.78,2.8,2.7,2.8,99100,2.8
4/5/2010,2.78,2.91,2.76,2.9,132900,2.9
4/6/2010,2.9,2.98,2.81,2.95,261200,2.95
4/7/2010,2.95,3.08,2.92,3.02,279200,3.02
4/8/2010,3,3.1,2.96,3,253900,3
4/9/2010,3.04,3.08,2.99,3.02,127400,3.02
4/12/2010,3.04,3.1,2.96,2.98,199900,2.98
4/13/2010,3,3.12,3,3.08,248400,3.08
4/14/2010,3.08,3.27,3.06,3.26,752800,3.26
4/15/2010,3.3,3.3,2.86,2.9,677800,2.9
4/16/2010,2.9,2.91,2.67,2.75,343500,2.75
4/19/2010,2.75,2.85,2.71,2.74,126000,2.74
4/20/2010,2.8,2.82,2.7,2.77,99800,2.77
4/21/2010,2.81,2.84,2.65,2.65,89100,2.65
4/22/2010,2.66,2.8,2.61,2.77,116500,2.77
4/23/2010,2.78,2.81,2.75,2.75,134900,2.75
4/26/2010,2.82,2.9,2.76,2.79,210000,2.79
4/27/2010,2.82,2.9,2.79,2.83,158300,2.83
4/28/2010,2.83,2.84,2.6,2.64,300300,2.64
4/29/2010,2.66,2.8,2.66,2.69,285400,2.69
4/30/2010,2.72,2.8,2.63,2.63,97900,2.63
5/3/2010,2.69,2.72,2.64,2.7,167700,2.7
5/4/2010,2.64,2.74,2.64,2.71,218700,2.71
5/5/2010,2.68,2.68,2.5,2.52,160100,2.52
5/6/2010,2.51,2.51,2.25,2.39,281200,2.39
5/7/2010,2.35,2.37,2.12,2.29,166400,2.29
5/10/2010,2.37,2.45,2.15,2.35,170400,2.35
5/11/2010,2.36,2.39,2.29,2.36,277900,2.36
5/12/2010,2.86,2.94,2.59,2.7,1032100,2.7
5/13/2010,2.7,2.7,2.52,2.58,293400,2.58
5/14/2010,2.59,2.59,2.45,2.57,124600,2.57
5/17/2010,2.59,2.59,2.45,2.5,99600,2.5
5/18/2010,2.57,2.57,2.4,2.48,146300,2.48
5/19/2010,2.42,2.47,2.33,2.4,162700,2.4
5/20/2010,2.3,2.33,2.07,2.24,300200,2.24
5/21/2010,2.17,2.35,1.99,2.27,193100,2.27
5/24/2010,2.3,2.38,2.27,2.28,29500,2.28
5/25/2010,2.23,2.3,2.14,2.3,127500,2.3
5/26/2010,2.3,2.33,2.21,2.28,78100,2.28
5/27/2010,2.31,2.31,2.21,2.26,60900,2.26
5/28/2010,2.22,2.26,2.21,2.25,62400,2.25
6/1/2010,2.21,2.25,2.17,2.2,64700,2.2
6/2/2010,2.25,2.34,2.2,2.32,86700,2.32
6/3/2010,2.36,2.6,2.32,2.55,255000,2.55
6/4/2010,2.5,2.58,2.42,2.44,164000,2.44
6/7/2010,2.49,2.52,2.3,2.32,94800,2.32
6/8/2010,2.37,2.37,2.24,2.28,134000,2.28
6/9/2010,2.27,2.4,2.19,2.37,71700,2.37
6/10/2010,2.4,2.4,2.31,2.36,54100,2.36
6/11/2010,2.28,2.5,2.2,2.49,85900,2.49
6/14/2010,2.49,2.51,2.4,2.48,48400,2.48
6/15/2010,2.47,2.48,2.33,2.48,71700,2.48
6/16/2010,2.48,2.48,2.37,2.42,64500,2.42
6/17/2010,2.38,2.42,2.26,2.3,105500,2.3
6/18/2010,2.32,2.32,2.2,2.2,97800,2.2
6/21/2010,2.17,2.28,2.15,2.27,122400,2.27
6/22/2010,2.31,2.32,2.2,2.22,82100,2.22
6/23/2010,2.25,2.29,2.22,2.25,46500,2.25
6/24/2010,2.2,2.3,2.19,2.29,46100,2.29
6/25/2010,2.29,2.43,2.24,2.4,121400,2.4
6/28/2010,2.37,2.41,2.31,2.32,30400,2.32
6/29/2010,2.27,2.34,2.18,2.21,60600,2.21
6/30/2010,2.25,2.26,2.17,2.2,40800,2.2
7/1/2010,2.18,2.18,2.05,2.13,82900,2.13
7/2/2010,2.13,2.28,2,2.16,86900,2.16
7/6/2010,2.17,2.23,2.17,2.18,33500,2.18
7/7/2010,2.23,2.3,2.18,2.3,97800,2.3
7/8/2010,2.35,2.35,2.25,2.34,66500,2.34
7/9/2010,2.34,2.4,2.34,2.4,94500,2.4
7/12/2010,2.43,2.48,2.42,2.42,83200,2.42
7/13/2010,2.42,2.48,2.31,2.44,86700,2.44
7/14/2010,2.45,2.5,2.42,2.48,179800,2.48
7/15/2010,2.5,2.5,2.37,2.47,86000,2.47
7/16/2010,2.45,2.53,2.42,2.47,56100,2.47
7/19/2010,2.5,2.5,2.44,2.45,44200,2.45
7/20/2010,2.41,2.45,2.34,2.37,21300,2.37
7/21/2010,2.42,2.42,2.25,2.42,41700,2.42
7/22/2010,2.37,2.51,2.37,2.51,111900,2.51
7/23/2010,2.54,2.55,2.49,2.52,41600,2.52
7/26/2010,2.56,2.6,2.46,2.5,84400,2.5
7/27/2010,2.46,2.51,2.37,2.51,38200,2.51
7/28/2010,2.54,2.54,2.39,2.41,20700,2.41
7/29/2010,2.41,2.43,2.38,2.41,20800,2.41
7/30/2010,2.41,2.48,2.35,2.48,20500,2.48
8/2/2010,2.49,2.54,2.47,2.51,133000,2.51
8/3/2010,2.51,2.57,2.5,2.55,91400,2.55
8/4/2010,2.56,2.64,2.56,2.61,118700,2.61
8/5/2010,2.62,2.65,2.61,2.65,29400,2.65
8/6/2010,2.64,2.65,2.52,2.65,51500,2.65
8/9/2010,2.64,2.65,2.53,2.62,31200,2.62
8/10/2010,2.56,2.59,2.51,2.57,34400,2.57
8/11/2010,2.47,2.55,2.47,2.5,73200,2.5
8/12/2010,2.45,2.59,2.4,2.5,266100,2.5
8/13/2010,2.57,2.59,2.48,2.51,215900,2.51
8/16/2010,2.57,2.57,2.47,2.5,315500,2.5
8/17/2010,2.54,2.55,2.5,2.52,56800,2.52
8/18/2010,2.48,2.62,2.48,2.61,74800,2.61
8/19/2010,2.6,2.66,2.49,2.6,100200,2.6
8/20/2010,2.59,2.6,2.53,2.58,18600,2.58
8/23/2010,2.62,2.62,2.55,2.6,42400,2.6
8/24/2010,2.52,2.6,2.52,2.55,73200,2.55
8/25/2010,2.5,2.61,2.5,2.6,132100,2.6
8/26/2010,2.6,2.66,2.6,2.63,14700,2.63
8/27/2010,2.55,2.63,2.55,2.63,77100,2.63
8/30/2010,2.58,2.64,2.58,2.6,57900,2.6
8/31/2010,2.57,2.62,2.57,2.6,15300,2.6
9/1/2010,2.59,2.73,2.55,2.68,99700,2.68
9/2/2010,2.7,2.81,2.66,2.7,61700,2.7
9/3/2010,2.76,2.8,2.68,2.75,65500,2.75
9/7/2010,2.69,2.83,2.6,2.72,53600,2.72
9/8/2010,2.73,2.81,2.72,2.78,52000,2.78
9/9/2010,2.78,2.85,2.77,2.8,43100,2.8
9/10/2010,2.79,2.81,2.77,2.77,15700,2.77
9/13/2010,2.75,2.89,2.68,2.8,91100,2.8
9/14/2010,2.77,2.83,2.74,2.8,60200,2.8
9/15/2010,2.8,2.89,2.8,2.82,64000,2.82
9/16/2010,2.85,2.88,2.8,2.82,64500,2.82
9/17/2010,2.75,2.95,2.74,2.82,108000,2.82
9/20/2010,2.82,2.91,2.75,2.82,93600,2.82
9/21/2010,2.82,2.97,2.82,2.86,147800,2.86
9/22/2010,2.86,3.04,2.86,2.95,256500,2.95
9/23/2010,2.95,3.03,2.94,3,58600,3
9/24/2010,3.03,3.04,2.96,2.96,54700,2.96
9/27/2010,2.97,3.03,2.86,2.93,65000,2.93
9/28/2010,2.94,3.01,2.93,2.95,25800,2.95
9/29/2010,3.01,3.1,2.98,3.05,51800,3.05
9/30/2010,3.05,3.1,2.96,3.02,81500,3.02
10/1/2010,3.02,3.05,2.9,2.96,234600,2.96
10/4/2010,2.99,3.06,2.95,3.01,214700,3.01
10/5/2010,3,3.05,2.99,3.05,49300,3.05
10/6/2010,3.05,3.05,2.92,2.99,127600,2.99
10/7/2010,2.99,3.03,2.99,3,40600,3
10/8/2010,2.99,3.05,2.65,2.82,344800,2.82
10/11/2010,2.82,2.99,2.82,2.95,158800,2.95
10/12/2010,2.91,3,2.8,2.84,102600,2.84
10/13/2010,2.89,2.98,2.88,2.94,56400,2.94
10/14/2010,2.93,2.95,2.86,2.9,43400,2.9
10/15/2010,2.9,2.9,2.79,2.84,439200,2.84
10/18/2010,2.8,2.85,2.8,2.8,48600,2.8
10/19/2010,2.83,2.87,2.8,2.81,65500,2.81
10/20/2010,2.84,3,2.83,3,74300,3
10/21/2010,3,3,2.81,2.87,101600,2.87
10/22/2010,2.9,2.93,2.76,2.8,128200,2.8
10/25/2010,2.82,2.92,2.74,2.77,51600,2.77
10/26/2010,2.74,2.83,2.73,2.83,41400,2.83
10/27/2010,2.79,2.83,2.75,2.77,44700,2.77
10/28/2010,2.83,3.05,2.78,2.9,189900,2.9
10/29/2010,2.87,2.9,2.8,2.84,71800,2.84
11/1/2010,3.05,3.15,2.95,3.03,303600,3.03
11/2/2010,3.04,3.1,2.97,2.98,126100,2.98
11/3/2010,3.03,3.13,3,3.05,64800,3.05
11/4/2010,3.08,3.1,3.03,3.08,65400,3.08
11/5/2010,3.12,3.2,3.07,3.16,113800,3.16
11/8/2010,3.21,3.25,3.17,3.23,54800,3.23
11/9/2010,3.21,3.24,3.1,3.2,52500,3.2
11/10/2010,3.2,3.23,3.01,3.06,87300,3.06
11/11/2010,3.05,3.17,3.05,3.12,20000,3.12
11/12/2010,3.11,3.11,3.05,3.05,38600,3.05
11/15/2010,3.05,3.13,3.05,3.11,40100,3.11
11/16/2010,3.1,3.1,3.06,3.08,46000,3.08
11/17/2010,3.08,3.08,2.91,2.99,80900,2.99
11/18/2010,3,3.08,2.95,2.96,46800,2.96
11/19/2010,2.95,2.99,2.88,2.96,41100,2.96
11/22/2010,2.99,2.99,2.85,2.94,62600,2.94
11/23/2010,2.92,2.93,2.86,2.89,32800,2.89
11/24/2010,2.93,2.98,2.84,2.91,41700,2.91
11/26/2010,2.88,2.92,2.88,2.9,8900,2.9
11/29/2010,2.9,2.92,2.83,2.87,31300,2.87
11/30/2010,2.83,2.93,2.83,2.86,22800,2.86
12/1/2010,2.9,2.98,2.83,2.83,60800,2.83
12/2/2010,2.85,2.89,2.74,2.76,138000,2.76
12/3/2010,2.74,2.77,2.73,2.75,71300,2.75
12/6/2010,2.74,2.82,2.73,2.73,54700,2.73
12/7/2010,2.73,2.77,2.7,2.7,146100,2.7
12/8/2010,2.72,2.72,2.6,2.7,105400,2.7
12/9/2010,2.74,2.86,2.73,2.82,214700,2.82
12/10/2010,2.82,2.87,2.8,2.87,52100,2.87
12/13/2010,2.86,2.94,2.85,2.9,46600,2.9
12/14/2010,3.18,3.18,2.98,3.1,174200,3.1
12/15/2010,3.08,3.15,3.07,3.14,157800,3.14
12/16/2010,3.14,3.17,3.07,3.1,93700,3.1
12/17/2010,3.1,3.15,3,3.03,198600,3.03
12/20/2010,3.07,3.15,3.05,3.12,86100,3.12
12/21/2010,3.16,3.37,3.13,3.29,291400,3.29
12/22/2010,3.33,3.62,3.31,3.62,229300,3.62
12/23/2010,3.6,3.65,3.54,3.64,154800,3.64
12/27/2010,3.61,3.67,3.56,3.64,82000,3.64
12/28/2010,3.66,3.88,3.65,3.82,223900,3.82
12/29/2010,3.87,4.11,3.84,4,290800,4
12/30/2010,4,4.15,3.92,4.06,236500,4.06
12/31/2010,4.05,4.2,4,4.15,205900,4.15
1/3/2011,4.16,4.29,4.02,4.1,278800,4.1
1/4/2011,4.07,4.07,3.57,3.8,267600,3.8
1/5/2011,3.8,4.1,3.8,4.02,251400,4.02
1/6/2011,3.81,4.14,3.81,4.14,146500,4.14
1/7/2011,4.15,4.3,4.15,4.16,109100,4.16
1/10/2011,4.16,4.27,4.09,4.27,107100,4.27
1/11/2011,4.31,4.38,4.27,4.33,79400,4.33
1/12/2011,4.37,4.89,4.35,4.69,283900,4.69
1/13/2011,4.72,5.17,4.63,5.07,308300,5.07
1/14/2011,5.04,5.15,4.79,4.95,203500,4.95
1/18/2011,4.95,5,4.73,4.75,142000,4.75
1/19/2011,4.71,4.85,4.6,4.63,81800,4.63
1/20/2011,4.61,4.7,4.16,4.27,293000,4.27
1/21/2011,4.27,4.65,4.25,4.31,175900,4.31
1/24/2011,4.35,4.68,4.34,4.48,110500,4.48
1/25/2011,4.51,4.69,4.45,4.59,152200,4.59
1/26/2011,4.64,4.74,4.52,4.55,140500,4.55
1/27/2011,4.51,4.51,4.35,4.47,155100,4.47
1/28/2011,4.45,4.48,4.28,4.4,84900,4.4
1/31/2011,4.42,4.48,4.37,4.43,54400,4.43
2/1/2011,4.48,4.51,4.2,4.21,97400,4.21
2/2/2011,4.2,4.46,3.82,4.44,270500,4.44
2/3/2011,4.42,4.8,4.39,4.7,135600,4.7
2/4/2011,5,5.4,4.97,5.32,604400,5.32
2/7/2011,5.36,5.68,5.34,5.6,507600,5.6
2/8/2011,5.55,5.59,5.12,5.3,255800,5.3
2/9/2011,5.3,5.31,5,5.18,195200,5.18
2/10/2011,5.21,5.5,5.1,5.4,158800,5.4
2/11/2011,5.35,5.44,5.28,5.38,87400,5.38
2/14/2011,5.34,5.34,5.03,5.08,844000,5.08
2/15/2011,5.1,5.2,4.81,4.98,252900,4.98
2/16/2011,5.03,5.13,4.98,5.13,198800,5.13
2/17/2011,5.14,5.14,4.9,4.93,161500,4.93
2/18/2011,4.9,5.03,4.85,4.98,135500,4.98
2/22/2011,4.92,5.27,4.9,5.16,356600,5.16
2/23/2011,5.12,5.24,5,5.21,187600,5.21
2/24/2011,5.25,5.83,5.19,5.81,390700,5.81
2/25/2011,5.84,6.16,5.73,5.85,419900,5.85
2/28/2011,5.92,6.2,5.62,5.81,190100,5.81
3/1/2011,6.18,6.19,5.75,5.93,291600,5.93
3/2/2011,6,6,5.83,5.88,206200,5.88
3/3/2011,5.95,6.05,5.79,5.99,236600,5.99
3/4/2011,5.97,6.13,5.92,5.99,490000,5.99
3/7/2011,5.96,6.25,5.82,6.11,743200,6.11
3/8/2011,6.1,6.36,5.93,6.13,874500,6.13
3/9/2011,6.16,6.41,6.12,6.24,520200,6.24
3/10/2011,6.24,6.24,6.02,6.16,518900,6.16
3/11/2011,6.1,6.3,5.96,5.99,1197800,5.99
3/14/2011,6,6.12,5.81,6.05,311000,6.05
3/15/2011,5.9,6.15,5.76,6.1,214500,6.1
3/16/2011,6.11,6.3,5.88,5.91,158600,5.91
3/17/2011,5.97,5.98,5.7,5.81,209500,5.81
3/18/2011,5.86,6.1,5.76,6.1,800400,6.1
3/21/2011,6.15,6.45,5.99,6.34,1877900,6.34
3/22/2011,6.34,6.59,6.25,6.48,1656400,6.48
3/23/2011,6.45,6.68,6.45,6.55,580200,6.55
3/24/2011,6.58,6.75,6.55,6.59,473000,6.59
3/25/2011,6.57,6.78,6.56,6.78,567400,6.78
3/28/2011,6.83,7.24,6.6,6.79,1725700,6.79
3/29/2011,6.82,7.17,6.78,7.05,973800,7.05
3/30/2011,7.42,7.5,6.92,7.14,3577500,7.14
3/31/2011,7.15,7.48,7.08,7.15,2445500,7.15
4/1/2011,7.18,7.18,7.11,7.14,360700,7.14
4/4/2011,7.13,7.38,7.12,7.38,594600,7.38
4/5/2011,7.3,7.5,7.26,7.32,348300,7.32
4/6/2011,7.38,7.6,7.25,7.26,1370500,7.26
4/7/2011,7.29,7.33,7.1,7.16,426200,7.16
4/8/2011,7.16,7.24,6.92,6.98,427900,6.98
4/11/2011,7,7.28,6.77,6.95,418000,6.95
4/12/2011,6.94,6.95,6.75,6.87,343600,6.87
4/13/2011,6.88,6.88,6.75,6.77,278300,6.77
4/14/2011,6.78,6.86,6.41,6.44,556600,6.44
4/15/2011,6.44,7.2,6.44,7.05,846000,7.05
4/18/2011,6.9,6.98,6.43,6.49,822500,6.49
4/19/2011,6.51,6.77,6.4,6.48,1149500,6.48
4/20/2011,6.57,6.71,6.51,6.59,955900,6.59
4/21/2011,6.64,6.69,6.43,6.65,1007000,6.65
4/25/2011,6.69,6.79,6.36,6.43,472500,6.43
4/26/2011,6.43,6.47,6.26,6.3,944400,6.3
4/27/2011,6.32,6.32,5.75,6.01,1118800,6.01
4/28/2011,6.04,6.16,5.81,5.82,614700,5.82
4/29/2011,5.82,5.9,5.58,5.58,819000,5.58
5/2/2011,5.64,5.69,5.35,5.35,796500,5.35
5/3/2011,5.35,5.57,5.27,5.32,1147400,5.32
5/4/2011,5.35,5.35,4.88,4.91,730700,4.91
5/5/2011,4.92,4.92,4.55,4.67,1073200,4.67
5/6/2011,4.7,5.81,4.56,5.68,1817000,5.68
5/9/2011,5.42,5.53,5.24,5.31,1313400,5.31
5/10/2011,5.31,5.4,5.1,5.28,745700,5.28
5/11/2011,5.3,5.34,5,5.1,999600,5.1
5/12/2011,5.13,5.48,5.08,5.39,1200000,5.39
5/13/2011,5.41,5.46,5.1,5.24,592800,5.24
5/16/2011,5.2,5.35,5.03,5.09,578900,5.09
5/17/2011,5.05,5.24,5.04,5.12,1815200,5.12
5/18/2011,5.15,5.33,5.09,5.2,905400,5.2
5/19/2011,5.22,5.44,5.17,5.36,671300,5.36
5/20/2011,5.33,5.81,5.31,5.57,1919400,5.57
5/23/2011,5.5,6,5.4,5.91,1400000,5.91
5/24/2011,5.94,6.06,5.69,5.75,703700,5.75
5/25/2011,5.7,6.15,5.68,6.09,577100,6.09
5/26/2011,6.2,6.89,6.17,6.78,1333200,6.78
5/27/2011,6.84,7.24,6.52,7.17,1308600,7.17
5/31/2011,7.2,7.54,7.2,7.49,2535700,7.49
6/1/2011,7.43,7.46,7.21,7.39,944000,7.39
6/2/2011,7.45,7.65,7.25,7.39,642800,7.39
6/3/2011,7.29,7.48,7.07,7.31,874500,7.31
6/6/2011,7.29,7.35,6.96,7.02,443200,7.02
6/7/2011,7.05,7.18,6.95,7.02,535100,7.02
6/8/2011,7.01,7.04,6.81,6.96,375700,6.96
6/9/2011,6.96,7.16,6.86,7.05,483900,7.05
6/10/2011,6.99,7.14,6.54,6.61,748900,6.61
6/13/2011,6.68,6.83,6.52,6.62,864600,6.62
6/14/2011,6.71,7.04,6.6,6.86,679600,6.86
6/15/2011,6.77,6.86,6.32,6.44,500600,6.44
6/16/2011,6.44,6.6,6.07,6.18,638100,6.18
6/17/2011,6.3,6.74,6.07,6.19,646600,6.19
6/20/2011,6.17,6.2,6.01,6.09,315900,6.09
6/21/2011,5.78,6.07,5.67,6.01,1582800,6.01
6/22/2011,6.5,7.53,6.33,7.26,7831100,7.26
6/23/2011,7.1,7.55,6.91,7.03,2705700,7.03
6/24/2011,7.08,7.5,6.76,7.23,7877400,7.23
6/27/2011,7.23,7.37,6.89,7.3,1105200,7.3
6/28/2011,7.39,8.95,7.3,7.7,3160600,7.7
6/29/2011,7.67,7.67,7.16,7.36,807900,7.36
6/30/2011,7.32,7.51,7.25,7.44,565200,7.44
7/1/2011,7.44,7.53,7.22,7.22,487200,7.22
7/5/2011,7.27,7.39,7,7.39,494700,7.39
7/6/2011,7.35,7.52,7.1,7.22,991600,7.22
7/7/2011,7.32,8.6,7.22,8.21,2566400,8.21
7/8/2011,7.9,8.2,7.76,8.08,841100,8.08
7/11/2011,7.98,8.04,7.6,7.76,655400,7.76
7/12/2011,7.77,8.11,7.62,7.66,1313900,7.66
7/13/2011,7.72,8.01,7.69,8.01,1008500,8.01
7/14/2011,8.05,8.2,7.76,7.79,772200,7.79
7/15/2011,7.79,7.84,7.4,7.49,570700,7.49
7/18/2011,7.49,7.6,7.42,7.54,457800,7.54
7/19/2011,7.6,7.65,7.41,7.55,410900,7.55
7/20/2011,7.55,7.56,7.44,7.5,260500,7.5
7/21/2011,7.59,8.35,7.53,8.31,1357400,8.31
7/22/2011,8.37,8.54,7.56,7.64,856600,7.64
7/25/2011,7.51,7.85,7.51,7.72,498400,7.72
7/26/2011,7.75,7.86,7.48,7.56,509500,7.56
7/27/2011,7.49,7.65,7.34,7.47,696000,7.47
7/28/2011,7.51,7.74,7.32,7.51,672300,7.51
7/29/2011,7.42,7.63,7.38,7.41,917300,7.41
8/1/2011,7.53,7.59,7.38,7.4,610900,7.4
8/2/2011,7.44,7.64,7.1,7.1,546800,7.1
8/3/2011,7.1,7.23,6.82,7.07,679400,7.07
8/4/2011,6.97,7.06,6.74,6.74,1023000,6.74
8/5/2011,6.82,6.82,6.39,6.68,644600,6.68
8/8/2011,6.11,6.48,5.75,5.78,1197300,5.78
8/9/2011,5.89,6.13,5.31,5.99,922400,5.99
8/10/2011,5.81,6.05,5.41,5.48,753500,5.48
8/11/2011,5.51,5.92,5.34,5.87,549500,5.87
8/12/2011,5.89,6.03,5.56,5.58,444300,5.58
8/15/2011,5.64,6.28,5.64,6.15,387000,6.15
8/16/2011,6,6.24,5.9,5.91,829400,5.91
8/17/2011,5.95,6.07,5.65,5.82,233500,5.82
8/18/2011,5.61,5.61,5.18,5.22,363400,5.22
8/19/2011,5.09,5.48,5.07,5.31,362000,5.31
8/22/2011,5.45,5.53,5.09,5.16,645200,5.16
8/23/2011,5.2,5.77,5.12,5.64,716600,5.64
8/24/2011,5.65,5.65,5.32,5.56,331100,5.56
8/25/2011,5.55,5.75,5.3,5.39,353300,5.39
8/26/2011,5.35,5.62,5.3,5.56,381400,5.56
8/29/2011,5.69,6.04,5.58,6,491100,6
8/30/2011,5.94,5.96,5.76,5.89,388700,5.89
8/31/2011,5.94,6.15,5.91,6.14,697400,6.14
9/1/2011,6.16,6.25,5.99,6.11,540000,6.11
9/2/2011,5.88,6.01,5.52,5.56,532400,5.56
9/6/2011,5.32,5.54,5.26,5.52,457200,5.52
9/7/2011,5.61,5.73,5.48,5.72,289100,5.72
9/8/2011,5.74,7.13,5.74,6.2,2752400,6.2
9/9/2011,6.08,6.08,5.74,5.81,942200,5.81
9/12/2011,5.71,5.83,5.57,5.78,351100,5.78
9/13/2011,5.8,6.1,5.7,6.05,278400,6.05
9/14/2011,6.1,6.15,5.75,5.89,394800,5.89
9/15/2011,5.96,6,5.83,5.86,282200,5.86
9/16/2011,5.9,5.9,5.71,5.8,362700,5.8
9/19/2011,5.64,5.66,5.44,5.48,367900,5.48
9/20/2011,5.48,5.61,5.3,5.35,627500,5.35
9/21/2011,5.34,5.43,5.03,5.03,378300,5.03
9/22/2011,4.99,5,4.59,4.64,1247700,4.64
9/23/2011,4.64,4.94,4.64,4.79,905600,4.79
9/26/2011,4.82,4.91,4.59,4.63,451900,4.63
9/27/2011,4.78,5.15,4.68,5.05,843600,5.05
9/28/2011,5.04,5.18,4.8,4.84,421200,4.84
9/29/2011,5.04,5.05,4.74,5,439100,5
9/30/2011,4.91,4.97,4.5,4.72,971800,4.72
10/3/2011,4.66,4.7,4.01,4.01,536500,4.01
10/4/2011,3.97,4.22,3.81,4.15,761700,4.15
10/5/2011,4.15,4.33,3.95,4.13,342600,4.13
10/6/2011,4.13,4.54,4.03,4.5,396400,4.5
10/7/2011,4.53,4.59,4.37,4.42,400700,4.42
10/10/2011,4.53,4.97,4.5,4.95,515300,4.95
10/11/2011,4.9,5.04,4.69,4.9,277300,4.9
10/12/2011,4.94,5.1,4.86,4.91,368200,4.91
10/13/2011,4.86,5.02,4.72,4.93,217600,4.93
10/14/2011,5,5.92,4.98,5.82,603400,5.82
10/17/2011,5.9,6.4,5.62,5.89,1619500,5.89
10/18/2011,5.9,6.05,5.7,6.01,1033800,6.01
10/19/2011,5.91,6.26,5.91,6.25,838600,6.25
10/20/2011,6.21,6.24,5.83,6,580100,6
10/21/2011,6.16,6.16,5.44,5.98,516200,5.98
10/24/2011,5.99,6.24,5.88,6.13,223600,6.13
10/25/2011,6.09,6.09,5.66,5.73,238700,5.73
10/26/2011,5.88,6.11,5.66,6.08,214600,6.08
10/27/2011,6.38,6.76,6.15,6.58,603100,6.58
10/28/2011,6.54,6.78,6.41,6.52,214400,6.52
10/31/2011,6.38,6.45,6.25,6.32,211500,6.32
11/1/2011,6,6.28,5.95,6.05,441700,6.05
11/2/2011,6.2,6.31,5.97,6.17,290100,6.17
11/3/2011,6.26,6.61,6.12,6.57,275600,6.57
11/4/2011,6.51,6.61,6.28,6.45,265500,6.45
11/7/2011,6.45,6.58,6.02,6.06,321400,6.06
11/8/2011,6.13,6.13,5.5,5.57,592100,5.57
11/9/2011,5.45,5.6,5.18,5.19,461400,5.19
11/10/2011,5.27,5.45,5.23,5.25,344400,5.25
11/11/2011,5.32,5.5,5.26,5.3,289100,5.3
11/14/2011,5.27,5.35,5.12,5.27,486400,5.27
11/15/2011,5.28,5.46,5.21,5.34,653900,5.34
11/16/2011,5.28,5.49,5.13,5.32,732900,5.32
11/17/2011,5.32,5.58,5.3,5.4,911700,5.4
11/18/2011,5.41,6.3,5.23,5.84,1761400,5.84
11/21/2011,6.03,6.05,5.64,5.94,828700,5.94
11/22/2011,6.05,6.18,5.87,5.88,589800,5.88
11/23/2011,5.88,5.96,5.64,5.69,371800,5.69
11/25/2011,5.67,5.77,5.5,5.6,153600,5.6
11/28/2011,5.86,6.13,5.71,5.95,485800,5.95
11/29/2011,6.22,6.84,5.91,6.36,1514400,6.36
11/30/2011,6.59,6.9,6.31,6.65,1815200,6.65
12/1/2011,6.6,7.06,6.45,6.9,1395700,6.9
12/2/2011,7.01,7.15,6.75,6.85,769000,6.85
12/5/2011,7.1,7.15,6.87,6.96,973600,6.96
12/6/2011,6.99,7.13,6.9,7.07,800800,7.07
12/7/2011,7.03,7.51,6.87,7.4,1007200,7.4
12/8/2011,7.33,7.74,6.81,6.83,962800,6.83
12/9/2011,6.85,7.63,6.85,7.52,1117600,7.52
12/12/2011,7.42,7.62,7.35,7.59,678000,7.59
12/13/2011,7.69,7.9,7.29,7.33,886400,7.33
12/14/2011,7.26,7.43,7.05,7.26,510400,7.26
12/15/2011,7.4,7.5,7.26,7.38,614000,7.38
12/16/2011,7.18,7.87,7.15,7.58,1562500,7.58
12/19/2011,7.51,7.9,7.51,7.73,632400,7.73
12/20/2011,7.96,8,7.65,7.72,694700,7.72
12/21/2011,7.69,7.96,7.28,7.94,681100,7.94
12/22/2011,7.99,8.22,7.89,8,717700,8
12/23/2011,8,8,7.77,7.79,215400,7.79
12/27/2011,7.76,8,7.69,7.98,158100,7.98
12/28/2011,7.96,7.96,7.75,7.78,205800,7.78
12/29/2011,7.79,7.81,7.6,7.73,165500,7.73
12/30/2011,7.73,7.9,7.51,7.62,279600,7.62
1/3/2012,7.81,7.98,7.5,7.63,319000,7.63
1/4/2012,8,8.15,7.65,7.71,968000,7.71
1/5/2012,7.69,7.88,7.6,7.83,301800,7.83
1/6/2012,7.86,7.95,7.76,7.92,560800,7.92
1/9/2012,9.34,9.86,8.66,9.72,6037600,9.72
1/10/2012,10.06,12.24,9.33,11.9,6823600,11.9
1/11/2012,11.89,12.51,11.06,11.66,4751900,11.66
1/12/2012,11.44,12.2,10.85,11.76,2364800,11.76
1/13/2012,11.32,12.95,11.31,12.37,3987200,12.37
1/17/2012,12.35,12.5,11.14,11.18,2300400,11.18
1/18/2012,11.56,11.56,10.66,10.88,1730000,10.88
1/19/2012,10.96,11.17,10.28,10.62,2579500,10.62
1/20/2012,10.24,10.33,9.08,9.47,3667700,9.47
1/23/2012,9.45,9.6,8.92,9.21,1561100,9.21
1/24/2012,9.33,10.9,9.11,10.75,4930700,10.75
1/25/2012,10.39,10.73,10.21,10.5,1622300,10.5
1/26/2012,10.54,10.55,10.01,10.34,1213800,10.34
1/27/2012,10.16,11.17,10.02,10.56,1769400,10.56
1/30/2012,10.45,11.2,10.2,11.05,1065400,11.05
1/31/2012,11.1,11.28,10.8,11.09,933400,11.09
2/1/2012,11.2,11.48,10.84,11.09,1279300,11.09
2/2/2012,11.13,12.46,10.9,12.38,2696600,12.38
2/3/2012,11.47,12.07,10.9,11.73,2652500,11.73
2/6/2012,11.5,11.82,11.45,11.57,613500,11.57
2/7/2012,10.76,10.77,9.52,10.38,4518900,10.38
2/8/2012,10.17,10.67,9.77,9.77,1409200,9.77
2/9/2012,9.81,10,9.4,9.47,1013700,9.47
2/10/2012,9.47,10.2,9.32,9.9,1504700,9.9
2/13/2012,9.97,10.09,9.55,9.66,769200,9.66
2/14/2012,9.61,9.61,9.32,9.33,874200,9.33
2/15/2012,9.51,9.58,8.47,8.71,2453200,8.71
2/16/2012,8.74,9.08,8.7,8.75,882300,8.75
2/17/2012,10.6,11.14,10.43,11.04,6504200,11.04
2/21/2012,10.98,11.05,10.53,10.68,1328500,10.68
2/22/2012,10.58,10.69,10.3,10.32,746600,10.32
2/23/2012,10.3,10.65,10.02,10.5,1121300,10.5
2/24/2012,10.53,11.05,10.4,10.72,1267100,10.72
2/27/2012,10.64,10.66,10.36,10.54,622400,10.54
2/28/2012,10.51,11.12,10.5,10.9,1016000,10.9
2/29/2012,10.9,10.9,10.22,10.5,1015500,10.5
3/1/2012,10.21,10.78,10.21,10.68,528800,10.68
3/2/2012,10.67,10.98,10.25,10.27,661900,10.27
3/5/2012,10.3,10.3,9.74,10.02,810100,10.02
3/6/2012,9.89,10.15,9.36,10,1161400,10
3/7/2012,10.02,10.26,9.94,10.23,1139200,10.23
3/8/2012,10.37,10.89,10.12,10.75,1701600,10.75
3/9/2012,10.93,11.25,10.72,10.82,1609000,10.82
3/12/2012,10.82,11,10.64,10.74,803500,10.74
3/13/2012,10.79,10.95,10.45,10.67,789900,10.67
3/14/2012,10.77,10.79,10.49,10.78,691700,10.78
3/15/2012,10.7,11.15,10.59,10.8,1065300,10.8
3/16/2012,10.87,10.96,10.34,10.54,4108600,10.54
3/19/2012,10.52,10.73,10.38,10.52,462000,10.52
3/20/2012,10.49,10.53,9.84,9.94,866500,9.94
3/21/2012,10.07,10.5,9.9,10.41,1204400,10.41
3/22/2012,10.42,10.52,9.86,9.93,677800,9.93
3/23/2012,9.96,10.08,9.76,9.92,389200,9.92
3/26/2012,10.02,10.44,9.95,10.22,547500,10.22
3/27/2012,10.25,10.33,10.08,10.1,659200,10.1
3/28/2012,10.21,10.44,9.55,9.73,697000,9.73
3/29/2012,9.66,10.03,9.44,9.96,885100,9.96
3/30/2012,10.05,10.05,9.56,9.58,478700,9.58
4/2/2012,9.63,10.48,9.56,10.17,1338600,10.17
4/3/2012,10.17,10.49,10.08,10.46,614400,10.46
4/4/2012,10.36,10.58,10.15,10.47,1512600,10.47
4/5/2012,10.59,11.08,10.48,10.95,1639900,10.95
4/9/2012,10.81,10.84,10.42,10.57,970500,10.57
4/10/2012,10.59,10.73,10.29,10.36,1292200,10.36
4/11/2012,10.57,10.68,10.04,10.15,544100,10.15
4/12/2012,10.13,10.21,9.59,9.64,919400,9.64
4/13/2012,9.59,9.61,9.01,9.02,847000,9.02
4/16/2012,9.12,9.15,8.57,8.77,920800,8.77
4/17/2012,8.88,9.44,8.88,9.05,896800,9.05
4/18/2012,9.02,9.51,8.91,9.5,1082300,9.5
4/19/2012,7.63,8.4,7.16,8.3,6292000,8.3
4/20/2012,8.31,8.4,8.09,8.28,796600,8.28
4/23/2012,7.2,7.45,6.63,6.75,4861300,6.75
4/24/2012,6.77,7.14,6.56,6.97,1022600,6.97
4/25/2012,7.08,7.19,6.68,6.88,881900,6.88
4/26/2012,6.86,6.95,6.6,6.79,989400,6.79
4/27/2012,6.83,7.08,6.64,6.9,694100,6.9
4/30/2012,6.86,6.86,6.62,6.65,731000,6.65
5/1/2012,6.67,6.77,6.59,6.6,527200,6.6
5/2/2012,6.52,6.71,6.5,6.59,435900,6.59
5/3/2012,6.55,6.58,6.31,6.43,565300,6.43
5/4/2012,6.44,6.47,5.96,5.99,752900,5.99
5/7/2012,6.07,6.18,5.9,5.99,620700,5.99
5/8/2012,5.96,6.06,5.83,6.05,579700,6.05
5/9/2012,5.93,6.51,5.78,6.5,1122800,6.5
5/10/2012,6.49,6.96,6.42,6.8,1125300,6.8
5/11/2012,6.75,7.32,6.68,7.2,761900,7.2
5/14/2012,7.11,7.18,6.88,6.89,391200,6.89
5/15/2012,7.31,7.4,6.77,6.82,1285100,6.82
5/16/2012,6.83,7,6.6,6.69,398400,6.69
5/17/2012,6.69,6.72,6.5,6.5,731600,6.5
5/18/2012,6.51,6.75,6.14,6.5,706000,6.5
5/21/2012,6.56,7.29,6.5,7.21,960300,7.21
5/22/2012,7.18,7.3,6.85,6.93,606400,6.93
5/23/2012,6.89,7.19,6.68,7.1,645000,7.1
5/24/2012,7.14,7.37,6.97,7.32,558100,7.32
5/25/2012,7.28,7.35,7.12,7.35,396300,7.35
5/29/2012,7.46,7.64,7.35,7.57,714500,7.57
5/30/2012,7.46,7.57,7.38,7.51,630700,7.51
5/31/2012,7.53,7.53,7.02,7.18,737000,7.18
6/1/2012,7.08,7.15,6.81,6.89,712700,6.89
6/4/2012,6.97,7.11,6.81,6.96,290700,6.96
6/5/2012,6.7,6.7,6.03,6.29,3448000,6.29
6/6/2012,6.37,6.49,6.24,6.47,1288600,6.47
6/7/2012,6.25,6.29,6.12,6.21,1637800,6.21
6/8/2012,6.17,6.48,6.05,6.41,731200,6.41
6/11/2012,6.48,6.51,6.11,6.12,573600,6.12
6/12/2012,6.14,6.23,6.02,6.16,515200,6.16
6/13/2012,6.31,6.65,6.11,6.17,1149500,6.17
6/14/2012,6.41,6.89,6.21,6.77,1398800,6.77
6/15/2012,6.77,6.81,6.4,6.67,1268900,6.67
6/18/2012,6.63,6.9,6.53,6.58,800100,6.58
6/19/2012,6.59,6.67,6.21,6.3,1067700,6.3
6/20/2012,6.34,6.36,6.06,6.08,910900,6.08
6/21/2012,6.09,6.48,6.09,6.36,810400,6.36
6/22/2012,6.42,6.62,6.22,6.6,1303500,6.6
6/25/2012,6.48,6.53,6.31,6.38,347300,6.38
6/26/2012,6.42,6.42,6.1,6.15,490000,6.15
6/27/2012,6.15,6.28,5.92,6.2,1344900,6.2
6/28/2012,6.17,6.26,6,6.18,669500,6.18
6/29/2012,6.3,6.45,6.11,6.2,669300,6.2
7/2/2012,6.2,6.66,6.1,6.66,966100,6.66
7/3/2012,6.68,6.9,6.6,6.89,665200,6.89
7/5/2012,6.81,7.12,6.7,7.06,984400,7.06
7/6/2012,7.02,7.1,6.81,6.96,468700,6.96
7/9/2012,6.92,6.99,6.38,6.47,915000,6.47
7/10/2012,6.56,6.63,6.07,6.11,684600,6.11
7/11/2012,6.11,6.23,6,6.17,664200,6.17
7/12/2012,6.14,6.42,6.09,6.35,645600,6.35
7/13/2012,6.36,6.56,6.3,6.52,383000,6.52
7/16/2012,6.47,6.6,6.3,6.54,357300,6.54
7/17/2012,6.58,6.72,6.39,6.68,320900,6.68
7/18/2012,6.64,6.8,6.58,6.75,490700,6.75
7/19/2012,6.78,6.86,6.65,6.65,377400,6.65
7/20/2012,6.59,6.68,6.34,6.37,641300,6.37
7/23/2012,6.27,6.36,6.02,6.11,661200,6.11
7/24/2012,6.15,6.19,6.06,6.11,475100,6.11
7/25/2012,6.25,6.37,6.09,6.22,416300,6.22
7/26/2012,6.35,6.55,6.24,6.52,511000,6.52
7/27/2012,6.55,6.75,6.43,6.69,693100,6.69
7/30/2012,6.69,6.69,6.26,6.26,343800,6.26
7/31/2012,6.28,6.72,6.26,6.62,759200,6.62
8/1/2012,6.66,6.74,6.51,6.57,611100,6.57
8/2/2012,6.68,6.8,6.48,6.69,1060300,6.69
8/3/2012,6.8,6.9,6.64,6.72,480700,6.72
8/6/2012,6.72,6.89,6.59,6.81,424800,6.81
8/7/2012,6.84,6.93,6.78,6.9,631300,6.9
8/8/2012,7,7.22,6.35,6.38,1197400,6.38
8/9/2012,6.36,6.36,5.73,5.82,2084700,5.82
8/10/2012,5.8,5.83,5.42,5.61,1631200,5.61
8/13/2012,5.61,5.8,5.52,5.76,412200,5.76
8/14/2012,5.8,6.01,5.74,5.85,773500,5.85
8/15/2012,5.83,5.99,5.78,5.9,286100,5.9
8/16/2012,6.15,6.25,6,6.14,2173300,6.14
8/17/2012,6.13,6.24,6.05,6.23,889900,6.23
8/20/2012,6.23,6.48,6.17,6.48,516200,6.48
8/21/2012,6.54,6.86,6.49,6.61,994600,6.61
8/22/2012,6.62,6.84,6.52,6.67,581200,6.67
8/23/2012,6.66,6.67,6.54,6.61,451600,6.61
8/24/2012,6.72,6.89,6.72,6.86,982400,6.86
8/27/2012,6.87,6.94,6.64,6.68,483100,6.68
8/28/2012,6.69,6.8,6.57,6.63,318400,6.63
8/29/2012,6.75,7,6.72,6.75,1436300,6.75
8/30/2012,6.74,6.82,6.42,6.57,600200,6.57
8/31/2012,6.64,7.14,6.59,7.03,1722600,7.03
9/4/2012,7.02,7.15,7,7.1,934500,7.1
9/5/2012,7.08,7.24,7,7.01,1009300,7.01
9/6/2012,7.09,7.25,7.03,7.21,1356500,7.21
9/7/2012,7.26,7.39,7.16,7.32,1044400,7.32
9/10/2012,7.31,7.38,7.15,7.32,634300,7.32
9/11/2012,7.35,7.83,7.3,7.78,1120000,7.78
9/12/2012,7.9,8.12,7.81,8.01,1887600,8.01
9/13/2012,8.04,8.48,8,8.3,1156300,8.3
9/14/2012,8.43,8.7,8.27,8.42,1089300,8.42
9/17/2012,8.29,8.39,8.05,8.28,1332100,8.28
9/18/2012,8.3,8.41,8.06,8.1,1249500,8.1
9/19/2012,9.26,9.67,9.01,9.39,8066100,9.39
9/20/2012,9.38,9.45,9.07,9.33,1497300,9.33
9/21/2012,9.36,9.6,9.21,9.52,3900100,9.52
9/24/2012,9.49,9.55,9.22,9.51,1658900,9.51
9/25/2012,9.5,9.88,9.41,9.77,1836600,9.77
9/26/2012,9.66,9.8,9.35,9.49,1826800,9.49
9/27/2012,10,11.01,9.76,10.3,6258800,10.3
9/28/2012,10.44,10.82,10.21,10.41,4752100,10.41
10/1/2012,10.54,10.7,10.45,10.68,1450200,10.68
10/2/2012,10.75,10.75,10.39,10.65,1093200,10.65
10/3/2012,10.69,10.8,10.5,10.8,1219100,10.8
10/4/2012,10.82,10.84,10.45,10.8,741700,10.8
10/5/2012,10.81,11.2,10.61,11.1,1175800,11.1
10/8/2012,10.95,11.01,10.68,10.81,735200,10.81
10/9/2012,10.89,10.89,10.32,10.34,1066100,10.34
10/10/2012,10.37,10.55,10.06,10.31,913100,10.31
10/11/2012,10.45,10.55,10.18,10.38,502200,10.38
10/12/2012,10.44,11.07,10.43,10.79,1026900,10.79
10/15/2012,10.8,10.98,10.31,10.64,1431500,10.64
10/16/2012,10.92,11.36,10.76,10.81,1614000,10.81
10/17/2012,10.78,11.15,10.7,10.94,907400,10.94
10/18/2012,10.96,11.24,10.84,10.92,1050600,10.92
10/19/2012,10.79,10.89,9.96,10.25,1947600,10.25
10/22/2012,10.19,10.21,9.84,10.05,1410100,10.05
10/23/2012,9.91,10.16,9.7,9.76,972300,9.76
10/24/2012,9.8,10.1,9.8,9.82,673500,9.82
10/25/2012,9.94,10.2,9.8,9.91,408700,9.91
10/26/2012,9.88,9.9,9.32,9.54,495900,9.54
10/31/2012,9.52,9.69,9.2,9.44,615700,9.44
11/1/2012,9.48,9.71,9.18,9.35,958200,9.35
11/2/2012,9.42,9.7,8.92,9.14,1008000,9.14
11/5/2012,9.15,9.35,9,9.1,699100,9.1
11/6/2012,9.19,9.56,9.02,9.13,1148900,9.13
11/7/2012,9.12,9.12,8.49,8.75,1068900,8.75
11/8/2012,8.64,8.74,8.22,8.41,1402000,8.41
11/9/2012,8.35,9.05,8.24,9.01,1405300,9.01
11/12/2012,9,9,7.25,7.9,5264400,7.9
11/13/2012,7.82,8.14,7.75,7.92,926100,7.92
11/14/2012,7.97,8.2,7.35,7.41,1665500,7.41
11/15/2012,7.43,7.5,7.25,7.42,808300,7.42
11/16/2012,7.41,7.51,7.11,7.2,1122400,7.2
11/19/2012,7.38,7.57,7.13,7.21,1063300,7.21
11/20/2012,7.24,7.56,7.2,7.49,635800,7.49
11/21/2012,7.55,7.7,7.45,7.61,350900,7.61
11/23/2012,7.65,7.74,7.46,7.65,213300,7.65
11/26/2012,7.65,7.75,7.52,7.68,395200,7.68
11/27/2012,7.68,7.85,7.56,7.6,480000,7.6
11/28/2012,7.52,7.65,7.36,7.61,409000,7.61
11/29/2012,7.67,7.98,7.67,7.83,705900,7.83
11/30/2012,7.81,7.82,7.65,7.79,592300,7.79
12/3/2012,7.86,7.89,7.26,7.3,1514300,7.3
12/4/2012,7.29,7.65,7.29,7.64,512000,7.64
12/5/2012,7.65,7.7,7.42,7.48,487300,7.48
12/6/2012,7.45,7.48,7.29,7.4,354000,7.4
12/7/2012,7.47,7.74,7.39,7.48,398200,7.48
12/10/2012,7.49,7.9,7.49,7.71,1286500,7.71
12/11/2012,7.77,7.89,7.71,7.83,524100,7.83
12/12/2012,7.92,8.17,7.8,7.89,952100,7.89
12/13/2012,7.94,8.35,7.94,8.2,644500,8.2
12/14/2012,8.17,8.8,8.17,8.52,1103000,8.52
12/17/2012,8.57,8.71,8.42,8.71,527000,8.71
12/18/2012,8.7,8.77,8.36,8.64,612400,8.64
12/19/2012,8.58,8.69,8.42,8.49,677000,8.49
12/20/2012,8.47,8.77,8.4,8.75,554700,8.75
12/21/2012,8.63,8.88,8.13,8.8,3210300,8.8
12/24/2012,8.77,8.77,8.5,8.63,304900,8.63
12/26/2012,8.63,8.75,8.49,8.57,415800,8.57
12/27/2012,8.55,8.72,8,8.29,733800,8.29
12/28/2012,8.2,8.28,7.98,8.02,453100,8.02
12/31/2012,7.99,8.04,7.82,8.01,556900,8.01
1/2/2013,8.31,8.76,8.3,8.64,935900,8.64
1/3/2013,8.63,8.85,8.43,8.76,921100,8.76
1/4/2013,8.98,9.79,8.9,9.45,2323500,9.45
1/7/2013,9.16,9.18,8.35,8.57,2122600,8.57
1/8/2013,8.57,9.15,8.52,9.05,1227900,9.05
1/9/2013,9.11,9.24,8.99,9.15,713700,9.15
1/10/2013,9.22,9.22,8.92,9.02,480800,9.02
1/11/2013,9.02,9.47,8.94,9.4,856600,9.4
1/14/2013,9.44,9.47,9.14,9.19,571200,9.19
1/15/2013,9.15,9.4,9,9.17,457800,9.17
1/16/2013,9.16,9.16,8.81,9.07,797200,9.07
1/17/2013,9.1,9.24,9.04,9.2,830800,9.2
1/18/2013,9,9.33,8.82,9.25,1300900,9.25
1/22/2013,9.27,9.33,9.05,9.31,622500,9.31
1/23/2013,9.27,9.51,9.2,9.46,695800,9.46
1/24/2013,9.35,9.63,9.22,9.3,825100,9.3
1/25/2013,9.32,9.42,9.17,9.36,420000,9.36
1/28/2013,9.4,9.4,9.05,9.14,678000,9.14
1/29/2013,9.14,9.33,9.04,9.22,576500,9.22
1/30/2013,9.22,9.25,9,9.07,427000,9.07
1/31/2013,9.02,9.03,8.61,8.98,981000,8.98
2/1/2013,9.09,9.43,8.94,9.19,770200,9.19
2/4/2013,9.15,9.32,9.07,9.25,551000,9.25
2/5/2013,9.31,9.55,9.21,9.48,536800,9.48
2/6/2013,9.48,9.5,9.23,9.47,408800,9.47
2/7/2013,9.44,9.44,9.12,9.2,525500,9.2
2/8/2013,9.21,9.36,9.07,9.12,510700,9.12
2/11/2013,9.09,9.28,9.09,9.14,722900,9.14
2/12/2013,9.16,9.47,9.16,9.43,603000,9.43
2/13/2013,9.75,10.17,9.73,10.06,1721300,10.06
2/14/2013,10.1,10.16,9.98,9.99,615100,9.99
2/15/2013,10.01,10.05,9.7,9.78,692600,9.78
2/19/2013,9.77,9.98,9.75,9.91,480300,9.91
2/20/2013,9.94,10.12,9.38,9.53,873000,9.53
2/21/2013,9.39,9.39,8.43,8.5,2208200,8.5
2/22/2013,8.65,8.87,8.35,8.86,6228200,8.86
2/25/2013,8.9,8.95,8.35,8.37,1124800,8.37
2/26/2013,8.41,8.42,7.96,7.97,1966300,7.97
2/27/2013,7.98,8.13,7.85,8.01,691800,8.01
2/28/2013,7.98,8.13,7.78,8.1,894700,8.1
3/1/2013,7.98,8.27,7.88,8.15,925000,8.15
3/4/2013,7.94,8.76,7.94,8.7,1159000,8.7
3/5/2013,8.8,9.03,8.68,8.84,1537900,8.84
3/6/2013,8.91,9.3,8.82,9.3,1314800,9.3
3/7/2013,9.3,9.41,9.09,9.21,750000,9.21
3/8/2013,9.37,9.37,9.13,9.17,831900,9.17
3/11/2013,9.15,9.38,9.08,9.3,1178900,9.3
3/12/2013,9.29,9.39,9.08,9.1,838200,9.1
3/13/2013,9.12,9.12,8.75,8.97,875000,8.97
3/14/2013,9.04,9.14,8.81,8.84,755600,8.84
3/15/2013,8.86,8.97,8.48,8.85,3486300,8.85
3/18/2013,8.75,9.07,8.73,8.84,652500,8.84
3/19/2013,8.85,8.89,8.66,8.73,339900,8.73
3/20/2013,8.8,8.85,8.69,8.75,443000,8.75
3/21/2013,8.67,8.81,8.55,8.75,479900,8.75
3/22/2013,8.79,8.93,8.69,8.8,712800,8.8
3/25/2013,8.82,8.91,8.67,8.78,405700,8.78
3/26/2013,8.83,8.99,8.61,8.74,518400,8.74
3/27/2013,8.68,8.82,8.5,8.82,451200,8.82
3/28/2013,8.86,8.9,8.51,8.75,2175500,8.75
4/1/2013,8.76,8.8,8.48,8.52,630100,8.52
4/2/2013,8.66,8.76,8.45,8.61,1419400,8.61
4/3/2013,8.66,8.69,8.1,8.16,1017000,8.16
4/4/2013,8.13,8.13,7.35,7.83,2706600,7.83
4/5/2013,7.71,7.87,7.5,7.7,1230800,7.7
4/8/2013,7.72,7.75,7.57,7.74,563000,7.74
4/9/2013,7.77,7.77,7.58,7.61,570600,7.61
4/10/2013,7.62,7.7,7.5,7.54,875800,7.54
4/11/2013,7.56,7.56,7.16,7.39,2695400,7.39
4/12/2013,7.4,7.45,7.29,7.38,1053000,7.38
4/15/2013,7.37,7.43,7.12,7.18,1012300,7.18
4/16/2013,7.26,7.43,7.07,7.25,1131300,7.25
4/17/2013,7.17,7.37,7.02,7.35,913800,7.35
4/18/2013,7.34,7.47,7.21,7.46,1388100,7.46
4/19/2013,7.53,7.57,7.29,7.4,835700,7.4
4/22/2013,7.5,7.57,7.25,7.47,596600,7.47
4/23/2013,7.4,7.43,7.12,7.24,1860500,7.24
4/24/2013,7.21,7.24,6.91,6.99,1110700,6.99
4/25/2013,7,7.12,6.91,6.99,1159300,6.99
4/26/2013,6.99,7.49,6.9,7.4,1965200,7.4
4/29/2013,7.43,7.46,7.25,7.4,582000,7.4
4/30/2013,7.38,7.9,7.36,7.54,1256900,7.54
5/1/2013,7.5,7.54,7.06,7.08,1367000,7.08
5/2/2013,7,7,6.7,6.82,1050500,6.82
5/3/2013,6.91,7.1,6.86,6.94,912500,6.94
5/6/2013,6.96,7.09,6.86,7.01,484300,7.01
5/7/2013,7.01,7.04,6.78,6.97,1113400,6.97
5/8/2013,6.99,7.07,6.9,6.92,480400,6.92
5/9/2013,7.07,7.2,6.79,7.12,967500,7.12
5/10/2013,7.15,7.15,6.9,7.11,509900,7.11
5/13/2013,7.11,7.25,7.01,7.25,534700,7.25
5/14/2013,7.28,7.35,7.18,7.3,502600,7.3
5/15/2013,7.33,7.41,7.28,7.41,686700,7.41
5/16/2013,7.37,7.58,7.34,7.56,653300,7.56
5/17/2013,7.6,7.82,7.56,7.77,823400,7.77
5/20/2013,7.71,7.83,7.54,7.55,708000,7.55
5/21/2013,7.57,7.83,7.5,7.75,1220900,7.75
5/22/2013,7.78,7.95,7.68,7.74,937600,7.74
5/23/2013,7.66,7.77,7.44,7.64,900000,7.64
5/24/2013,7.63,7.67,7.4,7.58,482500,7.58
5/28/2013,7.69,7.8,7.54,7.59,800300,7.59
5/29/2013,7.52,7.68,7.32,7.44,851800,7.44
5/30/2013,7.5,7.9,7.5,7.81,1932600,7.81
5/31/2013,7.75,8.46,7.74,8.34,2722300,8.34
6/3/2013,8.35,8.43,7.85,8.02,1475200,8.02
6/4/2013,8,8.02,7.7,7.75,1142900,7.75
6/5/2013,7.95,8.34,7.56,7.76,1509900,7.76
6/6/2013,7.8,8.4,7.8,8.35,1250300,8.35
6/7/2013,8.37,8.46,8.21,8.27,897400,8.27
6/10/2013,8.29,8.38,8.14,8.27,497100,8.27
6/11/2013,8.15,8.28,7.96,7.98,812400,7.98
6/12/2013,8.04,8.09,7.79,7.82,772600,7.82
6/13/2013,7.8,7.8,7.61,7.72,1264900,7.72
6/14/2013,7.68,7.83,7.65,7.7,556500,7.7
6/17/2013,7.78,8.05,7.74,7.93,816400,7.93
6/18/2013,7.96,8.11,7.93,8.01,952800,8.01
6/19/2013,8.03,8.25,7.86,8.13,744400,8.13
6/20/2013,8.04,8.04,7.72,7.9,893200,7.9
6/21/2013,7.89,7.96,7.52,7.89,2570700,7.89
6/24/2013,7.77,7.98,7.45,7.84,1009400,7.84
6/25/2013,7.97,8.04,7.78,7.85,567400,7.85
6/26/2013,8.08,8.21,7.91,8.11,1509100,8.11
6/27/2013,8.21,8.35,8.15,8.24,830400,8.24
6/28/2013,8.22,8.26,8.12,8.18,3781800,8.18
7/1/2013,8.17,8.49,8.17,8.36,1430200,8.36
7/2/2013,6.58,6.72,6.17,6.26,11792200,6.26
7/3/2013,6.32,6.34,6.17,6.3,1933800,6.3
7/5/2013,6.35,6.37,6.12,6.19,1496000,6.19
7/8/2013,6.37,6.4,6.24,6.33,2006500,6.33
7/9/2013,6.4,6.4,6.24,6.29,1053200,6.29
7/10/2013,6.31,6.44,6.29,6.4,1014900,6.4
7/11/2013,6.49,6.59,6.42,6.59,1537500,6.59
7/12/2013,6.63,7.05,6.6,6.95,1653400,6.95
7/15/2013,7.08,7.14,6.8,7.03,2094900,7.03
7/16/2013,7.13,7.27,7.08,7.1,1880000,7.1
7/17/2013,7.11,7.15,6.96,7.05,1455300,7.05
7/18/2013,7.06,7.17,7.03,7.07,648300,7.07
7/19/2013,7.11,7.27,6.96,7.24,937900,7.24
7/22/2013,7.23,7.32,7.1,7.15,955700,7.15
7/23/2013,7.17,7.27,7.07,7.17,648000,7.17
7/24/2013,7.18,7.27,7.07,7.14,691400,7.14
7/25/2013,7.11,7.25,7.06,7.21,1043100,7.21
7/26/2013,7.16,7.23,7.01,7.01,801400,7.01
7/29/2013,7,7.04,6.85,6.91,792600,6.91
7/30/2013,6.95,6.98,6.82,6.91,563600,6.91
7/31/2013,6.97,7.23,6.94,7.14,1341800,7.14
8/1/2013,7.2,7.21,7,7.03,667200,7.03
8/2/2013,7,7.07,6.93,7.06,729900,7.06
8/5/2013,7.07,7.16,7.01,7.13,565900,7.13
8/6/2013,7.14,7.15,6.93,6.94,698600,6.94
8/7/2013,6.92,6.99,6.67,6.81,1005900,6.81
8/8/2013,6.8,7.01,6.43,6.51,1195200,6.51
8/9/2013,6.48,6.58,6.26,6.43,1183400,6.43
8/12/2013,6.44,6.63,6.4,6.44,615900,6.44
8/13/2013,6.52,6.62,6.44,6.56,730800,6.56
8/14/2013,6.59,6.89,6.59,6.79,1018100,6.79
8/15/2013,6.75,6.84,6.62,6.71,742600,6.71
8/16/2013,6.67,6.72,6.56,6.56,552000,6.56
8/19/2013,6.54,6.76,6.54,6.67,679800,6.67
8/20/2013,6.66,6.9,6.65,6.8,694900,6.8
8/21/2013,6.8,6.88,6.62,6.76,795300,6.76
8/22/2013,6.8,6.85,6.7,6.76,585600,6.76
8/23/2013,6.79,6.79,6.63,6.66,720700,6.66
8/26/2013,6.67,6.68,6.53,6.58,1264600,6.58
8/27/2013,6.6,6.6,6.36,6.42,1413100,6.42
8/28/2013,6.41,6.44,6.32,6.41,725400,6.41
8/29/2013,6.42,6.56,6.38,6.52,1094200,6.52
8/30/2013,6.51,6.52,6.41,6.45,460400,6.45
9/3/2013,6.5,6.6,6.39,6.58,561600,6.58
9/4/2013,6.56,6.69,6.5,6.66,690500,6.66
9/5/2013,6.69,7.04,6.64,7.02,2294600,7.02
9/6/2013,7.19,7.25,7,7.2,2080700,7.2
9/9/2013,7.21,7.39,7.1,7.38,914200,7.38
9/10/2013,7.41,7.5,7.28,7.49,1558400,7.49
9/11/2013,7.49,7.49,7.16,7.29,1159100,7.29
9/12/2013,7.26,7.33,7.09,7.18,1030000,7.18
9/13/2013,7.21,7.39,7.1,7.28,1059200,7.28
9/16/2013,7.34,7.6,7.24,7.27,1495500,7.27
9/17/2013,7.28,7.47,7.27,7.42,1086100,7.42
9/18/2013,7.44,7.54,7.03,7.18,2423100,7.18
9/19/2013,7.2,7.35,7.15,7.29,690500,7.29
9/20/2013,7.33,7.43,7.19,7.29,3954500,7.29
9/23/2013,7.33,7.43,7.1,7.41,1270000,7.41
9/24/2013,7.45,7.45,7.17,7.24,960300,7.24
9/25/2013,7.23,7.33,7.07,7.08,1005900,7.08
9/26/2013,7.12,7.46,7.06,7.39,1095000,7.39
9/27/2013,7.36,7.4,7.2,7.24,3073900,7.24
9/30/2013,3.44,3.62,2.87,3.02,38851500,3.02
10/1/2013,2.99,3.04,2.62,2.65,12200700,2.65
10/2/2013,2.7,2.94,2.67,2.88,7436200,2.88
10/3/2013,2.9,2.93,2.72,2.78,3469200,2.78
10/4/2013,2.77,2.81,2.71,2.72,2505300,2.72
10/7/2013,2.8,2.84,2.75,2.79,4043400,2.79
10/8/2013,2.81,2.85,2.73,2.74,2565400,2.74
10/9/2013,2.74,2.74,2.4,2.44,6073800,2.44
10/10/2013,2.48,2.61,2.42,2.47,2932200,2.47
10/11/2013,2.45,2.67,2.45,2.66,5112200,2.66
10/14/2013,2.65,2.87,2.6,2.86,8562600,2.86
10/15/2013,2.83,2.9,2.7,2.78,3160600,2.78
10/16/2013,2.76,2.87,2.74,2.84,2467200,2.84
10/17/2013,2.85,2.95,2.79,2.95,3085900,2.95
10/18/2013,2.97,2.98,2.86,2.91,2306500,2.91
10/21/2013,2.93,2.93,2.75,2.77,1635000,2.77
10/22/2013,2.76,2.79,2.7,2.72,1425300,2.72
10/23/2013,2.71,2.77,2.7,2.71,965300,2.71
10/24/2013,2.73,2.77,2.6,2.61,1496900,2.61
10/25/2013,2.51,2.64,2.45,2.5,2656600,2.5
10/28/2013,2.5,2.51,2.4,2.43,1577500,2.43
10/29/2013,2.44,2.58,2.44,2.52,2071400,2.52
10/30/2013,2.54,2.58,2.43,2.48,1804100,2.48
10/31/2013,2.47,2.51,2.26,2.51,3561800,2.51
11/1/2013,2.5,2.54,2.41,2.53,1282900,2.53
11/4/2013,2.65,2.81,2.63,2.71,3142400,2.71
11/5/2013,2.7,2.73,2.6,2.62,1071900,2.62
11/6/2013,2.63,2.69,2.45,2.47,1799100,2.47
11/7/2013,2.46,2.57,2.44,2.44,1385700,2.44
11/8/2013,2.46,2.53,2.44,2.49,1284200,2.49
11/11/2013,2.5,2.55,2.46,2.5,1027900,2.5
11/12/2013,2.52,2.79,2.46,2.79,4400100,2.79
11/13/2013,2.78,2.85,2.62,2.69,2965600,2.69
11/14/2013,2.72,2.75,2.66,2.75,906600,2.75
11/15/2013,2.76,2.86,2.72,2.73,2559600,2.73
11/18/2013,2.74,2.81,2.58,2.58,1761900,2.58
11/19/2013,2.59,2.65,2.52,2.55,2469500,2.55
11/20/2013,2.58,2.68,2.52,2.66,2608200,2.66
11/21/2013,2.75,2.95,2.71,2.92,5418700,2.92
11/22/2013,2.98,3.1,2.82,3.07,5262200,3.07
11/25/2013,3.12,3.2,2.94,3.15,3280700,3.15
11/26/2013,3.16,3.23,3.04,3.16,1947300,3.16
11/27/2013,3.2,3.24,3.12,3.19,1421600,3.19
11/29/2013,3.22,3.48,3.17,3.46,2028700,3.46
12/2/2013,3.55,3.65,3.37,3.45,3120500,3.45
12/3/2013,3.46,3.46,3.15,3.26,2153000,3.26
12/4/2013,3.24,3.45,3.2,3.42,2930400,3.42
12/5/2013,3.53,3.55,3.33,3.37,1634000,3.37
12/6/2013,3.41,3.46,3.31,3.36,1100300,3.36
12/9/2013,3.36,3.39,3.25,3.37,1521800,3.37
12/10/2013,3.37,3.39,3.18,3.24,1630700,3.24
12/11/2013,3.24,3.26,2.99,3.02,1995000,3.02
12/12/2013,2.98,3.18,2.95,3.13,1226700,3.13
12/13/2013,3.15,3.19,3.08,3.13,808300,3.13
12/16/2013,3.14,3.26,3.1,3.14,1059800,3.14
12/17/2013,3.13,3.17,2.99,3.02,1270200,3.02
12/18/2013,3.04,3.15,3,3.15,1310300,3.15
12/19/2013,3.14,3.2,3.05,3.13,1726100,3.13
12/20/2013,3.14,3.19,3.11,3.13,6388800,3.13
12/23/2013,3.18,3.48,3.14,3.46,3661200,3.46
12/24/2013,3.5,3.5,3.35,3.39,982400,3.39
12/26/2013,3.4,3.51,3.36,3.39,1262100,3.39
12/27/2013,3.42,3.46,3.31,3.38,957700,3.38
12/30/2013,3.37,3.39,3.24,3.26,1546500,3.26
12/31/2013,3.31,3.4,3.25,3.32,1438200,3.32
1/2/2014,3.33,3.4,3.22,3.3,1412000,3.3
1/3/2014,3.3,3.57,3.3,3.47,2219200,3.47
1/6/2014,3.48,3.55,3.28,3.38,1882400,3.38
1/7/2014,3.39,3.41,3.28,3.31,2052700,3.31
1/8/2014,3.3,3.75,3.28,3.75,5233700,3.75
1/9/2014,3.9,3.99,3.58,3.66,6139000,3.66
1/10/2014,3.67,3.83,3.65,3.82,2296500,3.82
1/13/2014,3.95,3.96,3.57,3.65,3067400,3.65
1/14/2014,3.67,3.77,3.61,3.69,1252800,3.69
1/15/2014,3.74,3.75,3.62,3.73,2301300,3.73
1/16/2014,3.73,4.12,3.71,3.98,3904100,3.98
1/17/2014,4.05,4.36,4,4.12,4715300,4.12
1/21/2014,4.18,4.24,4,4.2,2350400,4.2
1/22/2014,4.21,4.22,4,4.08,1609800,4.08
1/23/2014,4.04,4.05,3.81,3.94,2215300,3.94
1/24/2014,3.94,3.95,3.64,3.67,2875400,3.67
1/27/2014,3.66,3.7,3.27,3.44,2746400,3.44
1/28/2014,3.44,3.54,3.37,3.46,1318700,3.46
1/29/2014,3.46,3.46,3.32,3.34,1582000,3.34
1/30/2014,3.35,3.5,3.34,3.39,1345500,3.39
1/31/2014,3.32,3.38,3.28,3.31,1229700,3.31
2/3/2014,3.27,3.32,3.08,3.08,1962200,3.08
2/4/2014,3.1,3.36,3.06,3.2,2346900,3.2
2/5/2014,3.18,3.27,2.98,3.1,1613100,3.1
2/6/2014,3.11,3.17,3.05,3.09,1052300,3.09
2/7/2014,3.07,3.26,3.02,3.19,1159100,3.19
2/10/2014,3.17,3.39,3.15,3.31,1242600,3.31
2/11/2014,3.38,3.4,3.25,3.32,896100,3.32
2/12/2014,3.32,3.7,3.22,3.66,4729700,3.66
2/13/2014,3.7,3.87,3.45,3.6,3228900,3.6
2/14/2014,3.62,3.71,3.52,3.57,1241200,3.57
2/18/2014,3.61,3.69,3.47,3.67,1388600,3.67
2/19/2014,3.64,3.65,3.45,3.47,1812400,3.47
2/20/2014,3.47,3.5,3.35,3.43,2070300,3.43
2/21/2014,3.46,3.54,3.35,3.38,1692700,3.38
2/24/2014,3.4,3.58,3.38,3.55,1800300,3.55
2/25/2014,3.56,3.69,3.51,3.55,1542700,3.55
2/26/2014,3.57,3.69,3.44,3.68,2065400,3.68
2/27/2014,3.67,3.76,3.55,3.71,1766600,3.71
2/28/2014,3.74,3.75,3.44,3.5,1955200,3.5
3/3/2014,3.44,3.6,3.35,3.6,1721100,3.6
3/4/2014,3.66,3.77,3.57,3.66,1769600,3.66
3/5/2014,3.63,3.66,3.56,3.63,1044100,3.63
3/6/2014,3.63,3.63,3.4,3.43,2372700,3.43
3/7/2014,3.47,3.49,3.26,3.41,2369500,3.41
3/10/2014,3.39,3.44,3.26,3.31,1902500,3.31
3/11/2014,3.3,3.38,3.15,3.16,1761800,3.16
3/12/2014,3.15,3.24,3.09,3.22,1213000,3.22
3/13/2014,3.24,3.3,3.15,3.17,1238700,3.17
3/14/2014,3.38,3.59,3.26,3.3,2871900,3.3
3/17/2014,3.19,3.49,3.19,3.46,1623800,3.46
3/18/2014,3.48,3.55,3.37,3.52,1284000,3.52
3/19/2014,3.5,3.56,3.45,3.46,878800,3.46
3/20/2014,3.45,3.55,3.4,3.51,655100,3.51
3/21/2014,3.52,3.53,3.3,3.38,2174900,3.38
3/24/2014,3.63,3.68,3.42,3.61,3506500,3.61
3/25/2014,3.62,3.8,3.52,3.7,2836400,3.7
3/26/2014,3.69,3.83,3.43,3.43,1930400,3.43
3/27/2014,3.43,3.5,3.26,3.31,1427300,3.31
3/28/2014,3.3,3.37,3.14,3.18,1448900,3.18
3/31/2014,3.23,3.31,3.17,3.29,847800,3.29
4/1/2014,3.31,3.43,3.21,3.32,1342700,3.32
4/2/2014,3.36,3.37,3.2,3.23,1657400,3.23
4/3/2014,3.24,3.26,3.12,3.16,1420500,3.16
4/4/2014,3.16,3.24,3,3.02,2269900,3.02
4/7/2014,3.03,3.09,2.9,3.01,2061900,3.01
4/8/2014,3.02,3.13,2.97,3.05,1387200,3.05
4/9/2014,3.06,3.2,3.06,3.18,1046200,3.18
4/10/2014,3.19,3.2,2.97,3,1771700,3
4/11/2014,2.95,3.1,2.84,2.88,1945300,2.88
4/14/2014,2.9,3,2.72,2.74,1714300,2.74
4/15/2014,2.77,2.9,2.49,2.61,3464400,2.61
4/16/2014,2.64,2.81,2.6,2.79,1717300,2.79
4/17/2014,2.79,2.9,2.71,2.83,961200,2.83
4/21/2014,2.85,2.89,2.75,2.84,803800,2.84
4/22/2014,2.86,3.11,2.86,3.08,1347600,3.08
4/23/2014,3.07,3.17,2.95,3.08,1761400,3.08
4/24/2014,3.11,3.14,2.86,2.91,1125500,2.91
4/25/2014,2.9,2.96,2.68,2.73,1223700,2.73
4/28/2014,2.71,2.79,2.6,2.73,1173200,2.73
4/29/2014,2.77,2.79,2.67,2.7,1466100,2.7
4/30/2014,2.7,2.87,2.63,2.85,1634300,2.85
5/1/2014,2.73,2.82,2.67,2.78,1611400,2.78
5/2/2014,2.71,2.82,2.67,2.69,926500,2.69
5/5/2014,2.67,2.81,2.61,2.81,862100,2.81
5/6/2014,2.78,2.82,2.62,2.64,1107800,2.64
5/7/2014,2.66,2.71,2.45,2.7,1934500,2.7
5/8/2014,2.7,2.74,2.48,2.52,1763200,2.52
5/9/2014,2.49,2.8,2.48,2.79,1896600,2.79
5/12/2014,2.82,2.95,2.78,2.95,1201600,2.95
5/13/2014,2.93,3,2.85,2.89,1311900,2.89
5/14/2014,2.85,2.9,2.7,2.7,1143400,2.7
5/15/2014,2.68,2.77,2.61,2.69,1247100,2.69
5/16/2014,2.68,2.7,2.57,2.67,729600,2.67
5/19/2014,2.67,2.8,2.64,2.76,1085500,2.76
5/20/2014,2.77,2.91,2.66,2.75,1995400,2.75
5/21/2014,2.78,2.79,2.65,2.72,652300,2.72
5/22/2014,2.74,2.88,2.69,2.88,856900,2.88
5/23/2014,2.89,2.95,2.81,2.83,706000,2.83
5/27/2014,2.85,2.95,2.83,2.92,862000,2.92
5/28/2014,2.9,2.95,2.79,2.86,690600,2.86
5/29/2014,2.89,2.94,2.78,2.78,733300,2.78
5/30/2014,2.77,2.86,2.7,2.71,976500,2.71
6/2/2014,2.71,2.78,2.65,2.78,738600,2.78
6/3/2014,2.72,2.73,2.68,2.69,604800,2.69
6/4/2014,2.67,2.8,2.67,2.71,454900,2.71
6/5/2014,2.7,2.84,2.69,2.84,774200,2.84
6/6/2014,2.85,2.92,2.82,2.88,755800,2.88
6/9/2014,3.97,4.82,3.72,4.25,47786300,4.25
6/10/2014,6.06,7.81,6.02,7.79,73497900,7.79
6/11/2014,7.4,7.62,6.89,7.29,34221000,7.29
6/12/2014,7.25,7.28,6.27,6.83,21043000,6.83
6/13/2014,6.74,6.75,6.26,6.47,9018600,6.47
6/16/2014,7.34,8.05,7.25,7.82,35447900,7.82
6/17/2014,7.55,7.72,7.25,7.58,13148100,7.58
6/18/2014,7.45,7.83,7.4,7.69,7574000,7.69
6/19/2014,7.66,8.3,7.46,8.08,14509400,8.08
6/20/2014,8.42,8.61,7.97,8.13,24911800,8.13
6/23/2014,8.12,8.33,7.51,7.77,9278800,7.77
6/24/2014,7.86,7.96,7.52,7.59,5757300,7.59
6/25/2014,7.58,7.64,7.26,7.45,4664100,7.45
6/26/2014,7.42,7.73,7.32,7.64,3165700,7.64
6/27/2014,7.59,7.78,7.55,7.74,5462600,7.74
6/30/2014,7.71,7.74,7.48,7.57,3444000,7.57
7/1/2014,7.53,7.57,7.42,7.44,2445800,7.44
7/2/2014,7.5,7.8,7.45,7.71,3981000,7.71
7/3/2014,7.74,7.83,7.49,7.68,2047200,7.68
7/7/2014,7.66,7.73,7.33,7.34,2477600,7.34
7/8/2014,7.28,7.31,6.73,6.9,4229700,6.9
7/9/2014,6.96,7.24,6.83,7.17,2169300,7.17
7/10/2014,6.85,7.14,6.65,7.03,2673000,7.03
7/11/2014,6.98,7.96,6.97,7.64,7830100,7.64
7/14/2014,7.68,7.69,7.26,7.41,4108900,7.41
7/15/2014,7.41,7.48,7.02,7.1,4051800,7.1
7/16/2014,7.17,7.23,6.81,6.85,3215200,6.85
7/17/2014,6.8,7.02,6.64,6.65,2953900,6.65
7/18/2014,6.65,6.85,6.64,6.82,2677000,6.82
7/21/2014,6.78,6.87,6.61,6.71,2003100,6.71
7/22/2014,6.74,7.16,6.71,6.83,2604100,6.83
7/23/2014,6.92,7.12,6.84,6.91,2658000,6.91
7/24/2014,6.91,7.4,6.91,7.3,3115200,7.3
7/25/2014,7.17,7.32,7.08,7.22,2176900,7.22
7/28/2014,7.21,7.3,7.03,7.07,2105900,7.07
7/29/2014,7.08,7.46,7.07,7.22,1904600,7.22
7/30/2014,7.3,7.5,7.26,7.28,1998000,7.28
7/31/2014,7.19,7.3,6.83,6.85,2656400,6.85
8/1/2014,6.82,7.34,6.8,7.04,4480300,7.04
8/4/2014,7.03,7.11,6.76,7.1,1997700,7.1
8/5/2014,7,7.33,6.97,7.14,2122600,7.14
8/6/2014,7.06,7.22,6.99,7.06,1724200,7.06
8/7/2014,7.07,7.18,6.91,7,1691700,7
8/8/2014,7.14,7.44,6.96,7.36,2714600,7.36
8/11/2014,7.8,7.96,7.57,7.59,4595400,7.59
8/12/2014,7.59,7.75,7.47,7.65,1991800,7.65
8/13/2014,7.68,8.04,7.65,7.92,2911600,7.92
8/14/2014,7.92,8.68,7.88,8.44,4716500,8.44
8/15/2014,9.39,9.94,9.06,9.25,21933400,9.25
8/18/2014,9.75,10.1,9.33,9.54,16929000,9.54
8/19/2014,9.66,9.93,9.35,9.87,7249300,9.87
8/20/2014,10,10.18,9.63,9.79,7248300,9.79
8/21/2014,9.75,9.84,9.38,9.47,3841400,9.47
8/22/2014,9.49,9.86,9.36,9.76,4188500,9.76
8/25/2014,9.78,11.15,9.75,10.78,15008800,10.78
8/26/2014,11.22,12.06,10.9,11.75,20176300,11.75
8/27/2014,11.65,11.94,11.15,11.45,13542600,11.45
8/28/2014,11.34,11.73,11.15,11.45,5213800,11.45
8/29/2014,11.44,11.59,11.28,11.57,4373300,11.57
9/2/2014,11.81,12.29,11.8,12.27,10420400,12.27
9/3/2014,12.57,13.24,12.56,13.06,13268200,13.06
9/4/2014,13.22,13.8,13.01,13.22,13074200,13.22
9/5/2014,13.06,13.09,11.33,12.17,19253600,12.17
9/8/2014,12.06,13.15,11.74,12.75,9183900,12.75
9/9/2014,12.58,12.72,12.22,12.38,7149400,12.38
9/10/2014,12.41,12.77,12.39,12.61,5432900,12.61
9/11/2014,12.49,12.79,12.08,12.67,7427500,12.67
9/12/2014,12.3,12.54,12.02,12.18,6388000,12.18
9/15/2014,11.75,11.76,10.75,11.06,6837800,11.06
9/16/2014,11,11.98,10.85,11.86,5175700,11.86
9/17/2014,11.84,12.24,11.63,11.95,4320200,11.95
9/18/2014,11.97,12.2,11.76,11.95,3693700,11.95
9/19/2014,12.01,12.06,11.42,11.5,9557600,11.5
9/22/2014,11.43,11.49,10.82,11.06,5051700,11.06
9/23/2014,10.88,11.33,10.76,11.14,4746200,11.14
9/24/2014,11.12,11.4,10.98,11.29,4174200,11.29
9/25/2014,11.22,11.4,10.6,10.92,5297300,10.92
9/26/2014,10.98,11.25,10.83,11.16,3739500,11.16
9/29/2014,10.91,11.18,10.7,10.77,3811800,10.77
9/30/2014,10.87,10.94,9.86,9.98,8518000,9.98
10/1/2014,9.88,9.94,9.32,9.78,5510200,9.78
10/2/2014,9.71,10.28,9.65,10.14,3369900,10.14
10/3/2014,10.29,10.74,10.07,10.62,4017600,10.62
10/6/2014,10.62,10.69,9.8,9.97,3236300,9.97
10/7/2014,9.93,10.13,9.44,9.76,3007600,9.76
10/8/2014,9.76,10.87,9.38,10.73,8189200,10.73
10/9/2014,10.88,10.99,9.94,10.18,4746900,10.18
10/10/2014,9.98,10.46,9.8,9.9,4085700,9.9
10/13/2014,9.88,10.31,9.55,9.87,3616300,9.87
10/14/2014,9.95,10.32,9.66,10.01,2969300,10.01
10/15/2014,9.75,10.2,9.73,10.13,3781900,10.13
10/16/2014,9.87,11.11,9.86,10.89,4208100,10.89
10/17/2014,11.46,11.89,10.75,10.97,8037700,10.97
10/20/2014,10.98,11.35,10.76,10.99,3542200,10.99
10/21/2014,11.09,11.44,11.01,11.43,3527500,11.43
10/22/2014,11.5,11.73,11.04,11.06,4648100,11.06
10/23/2014,11.18,11.54,11.06,11.22,3687900,11.22
10/24/2014,11.21,11.74,11.16,11.71,4116600,11.71
10/27/2014,11.6,11.91,11.13,11.77,3809600,11.77
10/28/2014,11.82,12.62,11.78,11.94,6622100,11.94
10/29/2014,11.8,11.93,11.51,11.71,3007100,11.71
10/30/2014,11.63,12.05,11.55,11.95,2902800,11.95
10/31/2014,12.2,12.38,11.57,11.75,4161900,11.75
11/3/2014,11.8,12.15,11.8,12.12,3772400,12.12
11/4/2014,11.63,11.7,9.63,10.23,19663200,10.23
11/5/2014,10.35,10.54,10.05,10.15,5752300,10.15
11/6/2014,10.23,10.35,9.95,10.26,3584500,10.26
11/7/2014,10.2,10.26,9.95,10.11,3143400,10.11
11/10/2014,10.85,12.95,10.67,12.85,28839300,12.85
11/11/2014,13.13,13.38,12.22,12.48,14935700,12.48
11/12/2014,12.25,14.86,12,14.85,19766000,14.85
11/13/2014,14.26,15,13.35,13.49,13478400,13.49
11/14/2014,13.55,14.35,13.43,13.97,7793900,13.97
11/17/2014,13.87,14.18,13.07,13.32,6013100,13.32
11/18/2014,13.3,13.89,13.13,13.31,5010100,13.31
11/19/2014,13.25,13.59,12.6,12.91,5436200,12.91
11/20/2014,12.76,13.43,12.61,13.3,3635100,13.3
11/21/2014,13.52,13.68,12.84,13.16,3624600,13.16
11/24/2014,13.21,13.45,13.04,13.12,3627200,13.12
11/25/2014,13.2,13.25,12.53,12.76,2966800,12.76
11/26/2014,12.75,13.3,12.63,13.21,3224400,13.21
11/28/2014,13.21,13.49,12.83,12.87,2396300,12.87
12/1/2014,12.87,13.05,12.15,12.33,3895200,12.33
12/2/2014,12.33,13.46,12.33,13.24,5245800,13.24
12/3/2014,13.22,13.92,13.03,13.77,5100000,13.77
12/4/2014,13.8,14.14,13.55,13.8,3779500,13.8
12/5/2014,13.94,14.82,13.83,14.81,6276400,14.81
12/8/2014,14.82,15.31,13.32,13.48,8284900,13.48
12/9/2014,13.08,14.22,12.88,14.12,3426100,14.12
12/10/2014,13.97,14.3,13.33,13.4,3644700,13.4
12/11/2014,13.46,14.12,13.21,13.39,4406600,13.39
12/12/2014,13.35,13.75,13.01,13.28,3935700,13.28
12/15/2014,13.49,13.69,12.57,12.72,4421000,12.72
12/16/2014,12.69,13.42,12.41,12.92,3159100,12.92
12/17/2014,13,14.21,12.92,14.2,4670100,14.2
12/18/2014,14.81,14.95,14.28,14.55,4456300,14.55
12/19/2014,14.36,14.54,13.9,14.21,6566000,14.21
12/22/2014,15.2,16.87,14.56,15.49,45519800,15.49
12/23/2014,14.75,15.15,11.41,11.84,29155500,11.84
12/24/2014,12.56,13.48,12.3,13.06,13305100,13.06
12/26/2014,13.31,13.62,12.43,12.82,9467600,12.82
12/29/2014,12.87,13.15,12.46,12.66,5051300,12.66
12/30/2014,12.52,12.73,12.19,12.29,3613400,12.29
12/31/2014,12.27,12.75,12.23,12.25,3970000,12.25
