Date,Open,High,Low,Close,Volume,Adj Close
2007-11-09,10.25,10.49,9.61,9.76,4039400,9.76
2007-11-12,9.9,9.9,8.83,9.25,1050300,9.25
2007-11-13,9.1,9.75,7.25,9.6,765500,9.6
2007-11-14,9.5,9.5,9,9,269000,9
2007-11-15,9,9.5,9,9.01,249200,9.01
2007-11-16,9,9.25,8.9,8.95,552000,8.95
2007-11-19,8.95,9.2,8.95,8.95,260800,8.95
2007-11-20,8.97,9.09,8.8,9.04,67000,9.04
2007-11-21,8.97,9.15,8.85,9.07,411300,9.07
2007-11-23,9.05,9.05,8.79,8.98,2200,8.98
2007-11-26,9.1,9.1,8.5,8.6,448500,8.6
2007-11-27,8.62,8.99,7.8,7.83,281100,7.83
2007-11-28,7.9,8.65,7.9,8.51,234600,8.51
2007-11-29,8.42,9,8,8.6,50300,8.6
2007-11-30,8.6,9.25,8.6,8.97,225300,8.97
2007-12-03,9.18,9.68,8.96,9.61,93900,9.61
2007-12-04,9.75,9.75,9.4,9.4,37600,9.4
2007-12-05,9.34,9.65,9.27,9.47,69500,9.47
2007-12-06,9.41,9.43,9.1,9.1,9400,9.1
2007-12-07,9.05,9.53,9.05,9.3,102300,9.3
2007-12-10,9.25,9.8,9.1,9.47,57200,9.47
2007-12-11,9.46,9.59,9.11,9.5,57500,9.5
2007-12-12,9.74,9.75,8.83,9.34,188200,9.34
2007-12-13,9.35,9.37,9,9.13,13800,9.13
2007-12-14,9.05,9.29,8.9,9.07,22400,9.07
2007-12-17,9.05,9.05,8.55,8.55,61700,8.55
2007-12-18,8.55,8.6,7.79,8.26,73600,8.26
2007-12-19,8.75,9,8.5,8.99,99900,8.99
2007-12-20,8.99,9,8.55,8.8,49200,8.8
2007-12-21,8.75,8.94,8.45,8.61,142800,8.61
2007-12-24,8.55,9,8.35,8.99,68000,8.99
2007-12-26,8.89,8.91,8.73,8.9,33800,8.9
2007-12-27,9,9.2,8.8,9.01,219200,9.01
2007-12-28,8.99,9.13,8.83,9.03,97000,9.03
2007-12-31,9.15,9.15,8.99,8.99,113700,8.99
2008-01-02,8.99,9.1,8.99,9.1,133500,9.1
2008-01-03,9.1,9.2,9.01,9.13,121800,9.13
2008-01-04,9,9.11,8.9,9.03,70200,9.03
2008-01-07,9.42,9.42,8.41,8.71,45200,8.71
2008-01-08,8.75,8.84,8.25,8.39,87200,8.39
2008-01-09,8.41,8.49,8.1,8.11,39600,8.11
2008-01-10,8.14,8.25,8.1,8.14,42900,8.14
2008-01-11,8.16,8.16,7.31,7.45,540700,7.45
2008-01-14,7.49,7.65,6.85,7.42,445600,7.42
2008-01-15,7.32,7.47,7,7.25,66200,7.25
2008-01-16,7.2,7.2,6.54,6.75,139500,6.75
2008-01-17,6.8,6.81,6.17,6.28,284100,6.28
2008-01-18,6.5,6.5,5.95,6.07,93300,6.07
2008-01-22,6.1,6.69,5.68,6.5,349000,6.5
2008-01-23,6.41,6.64,6.36,6.5,189900,6.5
2008-01-24,6.65,7.06,6.25,6.5,301700,6.5
2008-01-25,6.66,6.85,6.45,6.61,247000,6.61
2008-01-28,6.67,7.75,6.52,7.65,161000,7.65
2008-01-29,7.57,8.24,7.1,8.15,84500,8.15
2008-01-30,8.15,8.55,8.07,8.26,35800,8.26
2008-01-31,8.38,9.25,8.3,8.9,175000,8.9
2008-02-01,8.67,9.48,8.67,9.48,126000,9.48
2008-02-04,9.57,9.98,9.36,9.4,135500,9.4
2008-02-05,9.35,9.45,9.04,9.15,59200,9.15
2008-02-06,9.09,9.45,9.09,9.35,74700,9.35
2008-02-07,9.3,9.4,8.86,9.24,17800,9.24
2008-02-08,9.35,9.5,9.26,9.31,28200,9.31
2008-02-11,9.45,9.45,9.02,9.29,61000,9.29
2008-02-12,9.3,9.45,9.14,9.42,32000,9.42
2008-02-13,9.46,9.6,8.91,9.31,22000,9.31
2008-02-14,9.26,9.49,9.05,9.39,13400,9.39
2008-02-15,9.49,9.66,9.31,9.58,30100,9.58
2008-02-19,9.65,9.68,9.3,9.33,27200,9.33
2008-02-20,9.28,9.64,9.11,9.59,47200,9.59
2008-02-21,9.54,9.64,9.49,9.55,71000,9.55
2008-02-22,9.52,9.73,9.21,9.39,66300,9.39
2008-02-25,9.39,10.15,9.31,10.15,88100,10.15
2008-02-26,9.8,10.47,9.73,9.99,80900,9.99
2008-02-27,9.9,9.94,9.3,9.53,29500,9.53
2008-02-28,9.58,9.58,8.75,9,197700,9
2008-02-29,8.85,9.15,8.78,9.15,76400,9.15
2008-03-03,9.1,9.11,8.46,8.81,140700,8.81
2008-03-04,8.7,8.71,7.98,8.44,132700,8.44
2008-03-05,8.5,8.65,8.31,8.49,22800,8.49
2008-03-06,8.4,8.5,8.05,8.28,36100,8.28
2008-03-07,8.2,8.27,7.77,8.09,19700,8.09
2008-03-10,8.13,8.13,7.76,7.76,25000,7.76
2008-03-11,7.9,7.91,7.4,7.63,83800,7.63
2008-03-12,8.94,9.85,8,8.69,408500,8.69
2008-03-13,8.7,9.1,8.55,9.05,754500,9.05
2008-03-14,9.3,9.4,9.06,9.32,136900,9.32
2008-03-17,8.8,9.52,8.8,9.36,87500,9.36
2008-03-18,9.55,10.07,9.35,9.75,88100,9.75
2008-03-19,9.68,9.96,9.47,9.65,33900,9.65
2008-03-20,9.75,10.08,9.45,10.08,43100,10.08
2008-03-24,10,10.74,9.95,10.48,105700,10.48
2008-03-25,10.68,11,10.46,10.98,172700,10.98
2008-03-26,10.85,11.29,10.54,11.03,119800,11.03
2008-03-27,11.03,11.24,10.65,10.85,551800,10.85
2008-03-28,10.85,11,10.62,10.69,125300,10.69
2008-03-31,10.5,10.94,10.4,10.6,141700,10.6
2008-04-01,10.85,10.99,10.56,10.67,167900,10.67
2008-04-02,10.62,10.9,10.02,10.68,193700,10.68
2008-04-03,10.75,11.19,10.33,10.84,72800,10.84
2008-04-04,11.03,11.41,10.76,11.34,140000,11.34
2008-04-07,11.3,11.45,10.92,11.1,176600,11.1
2008-04-08,11.14,11.65,11,11.3,124100,11.3
2008-04-09,11.36,11.53,11.09,11.18,80100,11.18
2008-04-10,11.1,12.06,11.1,11.92,122200,11.92
2008-04-11,11.63,12.8,11.63,12.32,165500,12.32
2008-04-14,12.4,12.45,11.97,12.04,150000,12.04
2008-04-15,12.15,12.8,11.9,11.91,152500,11.91
2008-04-16,11.96,12.02,11.75,11.77,101400,11.77
2008-04-17,11.83,12.67,11.83,12.02,259600,12.02
2008-04-18,12.25,12.34,12.05,12.26,128100,12.26
2008-04-21,12.38,13.1,12.25,13.05,206700,13.05
2008-04-22,13.05,13.11,12.54,13.02,169600,13.02
2008-04-23,13.06,13.17,12.88,12.94,93400,12.94
2008-04-24,12.8,13.3,12.71,13.23,97500,13.23
2008-04-25,13.15,13.31,12.56,13.21,69900,13.21
2008-04-28,13.25,14.57,13.02,13.4,209800,13.4
2008-04-29,14,14.19,13.04,13.19,498200,13.19
2008-04-30,13.3,13.31,12.5,12.54,312700,12.54
2008-05-01,12.5,12.7,11.77,12.06,392500,12.06
2008-05-02,12.25,12.5,11.89,12.25,440700,12.25
2008-05-05,12.34,12.87,12.29,12.59,351000,12.59
2008-05-06,12.8,13.55,12.8,13.35,332300,13.35
2008-05-07,13.45,13.8,13.21,13.48,296300,13.48
2008-05-08,13.52,13.81,13.07,13.66,184100,13.66
2008-05-09,13.73,14.68,13.67,14.44,317900,14.44
2008-05-12,14.42,15.87,14.38,14.94,296300,14.94
2008-05-13,15.08,16.43,15,15.81,569700,15.81
2008-05-14,15.75,16.49,15.25,15.84,209600,15.84
2008-05-15,15.9,16.9,15.85,16.55,280300,16.55
2008-05-16,16.88,18.14,16.36,16.48,131500,16.48
2008-05-19,17.35,17.35,15.25,16.27,441600,16.27
2008-05-20,16.27,16.37,15.85,16.24,216700,16.24
2008-05-21,16.42,16.75,15.11,15.6,186200,15.6
2008-05-22,15.65,16.09,15.25,15.74,355100,15.74
2008-05-23,15.75,15.96,15,15.07,232900,15.07
2008-05-27,15.31,15.31,14.68,15.16,216200,15.16
2008-05-28,15.11,16.47,15.04,16.42,163800,16.42
2008-05-29,16.31,16.41,15.91,16.13,154300,16.13
2008-05-30,16.13,16.24,15.33,15.88,247900,15.88
2008-06-02,16.09,16.09,15.08,15.39,368100,15.39
2008-06-03,15.39,15.39,14.15,14.51,445300,14.51
2008-06-04,14.39,14.59,14.13,14.21,172300,14.21
2008-06-05,14.21,15.13,14.21,14.7,597500,14.7
2008-06-06,14.66,15.43,14.25,15.09,216500,15.09
2008-06-09,14.4,14.49,13.41,13.74,432300,13.74
2008-06-10,13.8,13.8,12.77,12.99,468100,12.99
2008-06-11,12.94,13.08,12.61,12.93,329600,12.93
2008-06-12,13.08,13.69,12.86,13.35,340900,13.35
2008-06-13,13.3,15.17,13.19,14.42,432600,14.42
2008-06-16,14.27,15.25,14.17,15.11,292800,15.11
2008-06-17,15.06,15.8,14.67,15.49,390700,15.49
2008-06-18,15.34,15.73,14.4,14.77,279500,14.77
2008-06-19,14.78,14.92,14.5,14.86,182000,14.86
2008-06-20,14.85,14.96,14.51,14.96,101200,14.96
2008-06-23,14.92,15.12,14,14.07,325500,14.07
2008-06-24,14.02,14.16,13.56,13.72,164900,13.72
2008-06-25,13.84,15.28,13.76,14.47,293600,14.47
2008-06-26,14.26,14.3,13.74,14.05,100200,14.05
2008-06-27,14.05,14.15,13.59,13.98,700300,13.98
2008-06-30,13.73,13.82,12.99,13,393600,13
2008-07-01,12.91,13.63,12.69,13.61,275300,13.61
2008-07-02,13.7,13.95,13.31,13.54,318700,13.54
2008-07-03,13.45,13.46,12.75,12.99,170600,12.99
2008-07-07,12.92,13.22,12.55,12.72,292700,12.72
2008-07-08,12.8,14.23,12.31,14.04,470900,14.04
2008-07-09,14.1,14.1,12.91,13.17,408500,13.17
2008-07-10,13.2,13.23,12.67,13.15,211700,13.15
2008-07-11,12.91,13.41,12.86,13.12,315500,13.12
2008-07-14,13.11,13.2,12.73,13.04,389900,13.04
2008-07-15,12.92,13.94,12.64,13.21,377400,13.21
2008-07-16,13.19,13.6,12.85,13.57,265700,13.57
2008-07-17,13.48,14.71,13.42,14.4,373200,14.4
2008-07-18,14.4,14.55,13.84,14.1,260900,14.1
2008-07-21,14.3,14.43,13.7,13.9,294400,13.9
2008-07-22,13.83,14.53,13.72,14.5,325300,14.5
2008-07-23,14.66,15,14.49,14.69,198000,14.69
2008-07-24,14.79,14.79,13.78,14.2,122700,14.2
2008-07-25,14.09,14.71,14.09,14.48,76100,14.48
2008-07-28,14.22,14.41,13.95,14.4,153700,14.4
2008-07-29,14.41,14.87,14.17,14.87,193500,14.87
2008-07-30,14.71,15.2,14.62,15.02,370100,15.02
2008-07-31,14.83,15.24,14.81,14.98,170400,14.98
2008-08-01,14.76,15.16,14.72,15.06,225200,15.06
2008-08-04,15.18,15.18,14.22,14.23,166600,14.23
2008-08-05,14.49,15,13.74,14.25,243900,14.25
2008-08-06,14.25,15.25,14.2,14.34,576800,14.34
2008-08-07,13.91,13.94,12.9,13.39,1300100,13.39
2008-08-08,13.26,13.91,12.96,13.76,199500,13.76
2008-08-11,13.42,13.7,13.17,13.54,262000,13.54
2008-08-12,13.51,13.76,13.11,13.22,141400,13.22
2008-08-13,13.3,13.3,12.1,12.49,368700,12.49
2008-08-14,12.45,12.89,12.38,12.74,308600,12.74
2008-08-15,12.9,13.11,12.27,12.44,206400,12.44
2008-08-18,12.35,12.65,12.06,12.32,107600,12.32
2008-08-19,12.18,12.3,11.52,11.62,176700,11.62
2008-08-20,11.5,12.22,11.5,11.85,147800,11.85
2008-08-21,11.71,12.25,11.45,12,187800,12
2008-08-22,12.02,12.9,12.02,12.78,111100,12.78
2008-08-25,12.72,12.77,12.18,12.19,128800,12.19
2008-08-26,12.31,12.51,12.19,12.47,207100,12.47
2008-08-27,12.41,13.2,12.41,12.96,210700,12.96
2008-08-28,13.01,13.01,11.78,12.83,813100,12.83
2008-08-29,12.79,13.12,12.44,12.91,279800,12.91
2008-09-02,13.4,13.59,12.8,13.57,461800,13.57
2008-09-03,13.59,15.03,13.37,14.64,540600,14.64
2008-09-04,14.5,14.59,13.96,13.99,350300,13.99
2008-09-05,13.7,14.01,13.31,13.89,221400,13.89
2008-09-08,14.16,15.54,13.97,15.22,733900,15.22
2008-09-09,15.3,16.47,14.51,14.63,1039500,14.63
2008-09-10,14.7,14.93,13.72,14.34,608500,14.34
2008-09-11,14.25,15.14,13.85,15.07,674100,15.07
2008-09-12,15.07,15.13,14.16,14.36,344100,14.36
2008-09-15,13.75,14.14,13.39,13.43,360300,13.43
2008-09-16,13.01,13.67,12.36,13.62,422400,13.62
2008-09-17,13.17,13.94,12.6,13.28,308600,13.28
2008-09-18,13.6,14.05,13.11,14.05,423500,14.05
2008-09-19,14.76,15.25,14.3,14.6,546500,14.6
2008-09-22,14.88,14.9,13.5,13.5,311600,13.5
2008-09-23,13.5,14,13.48,13.96,151700,13.96
2008-09-24,14,14.11,13.3,13.33,235700,13.33
2008-09-25,13.44,14.1,13.44,13.67,453300,13.67
2008-09-26,12.82,13.46,12.82,13.16,135800,13.16
2008-09-29,13.14,14.05,12,12.74,318000,12.74
2008-09-30,12.84,12.84,12.11,12.56,189500,12.56
2008-10-01,12.5,12.81,11.7,11.96,341300,11.96
2008-10-02,11.84,12,10.9,11.64,527000,11.64
2008-10-03,11.78,11.93,10.94,11.05,170100,11.05
2008-10-06,10.76,10.76,9.14,10.4,211000,10.4
2008-10-07,10.23,10.64,10.02,10.13,248000,10.13
2008-10-08,9.22,11,9.22,10.28,174400,10.28
2008-10-09,10.27,10.67,9.6,9.7,284700,9.7
2008-10-10,9.42,10.08,8.75,9.69,258300,9.69
2008-10-13,10.01,11.1,10.01,11,53500,11
2008-10-14,11.1,11.5,10.11,10.31,139200,10.31
2008-10-15,10.42,10.42,9.25,9.36,123900,9.36
2008-10-16,9.5,9.85,9.13,9.76,242500,9.76
2008-10-17,9.48,10.09,9.42,9.77,193500,9.77
2008-10-20,9.87,10.21,9.75,10.03,515900,10.03
2008-10-21,9.94,10.47,9.91,9.99,421700,9.99
2008-10-22,10.22,10.29,9.52,9.66,327600,9.66
2008-10-23,9.6,9.7,8.8,9.33,171600,9.33
2008-10-24,8.98,9.42,8.68,9.25,172000,9.25
2008-10-27,9.09,9.4,8.71,8.71,195800,8.71
2008-10-28,9.1,9.1,8.53,8.97,258200,8.97
2008-10-29,9.01,9.08,8.73,8.77,222400,8.77
2008-10-30,9.13,9.13,8.77,8.93,89200,8.93
2008-10-31,8.95,8.98,8.15,8.33,353200,8.33
2008-11-03,8.31,8.4,8.16,8.3,271400,8.3
2008-11-04,8.23,8.4,7.87,8.1,578200,8.1
2008-11-05,7.93,8.87,7.92,8.3,350400,8.3
2008-11-06,8.75,10.06,8.75,9.86,461900,9.86
2008-11-07,9.99,10.49,9.97,10.4,170100,10.4
2008-11-10,10.5,10.85,9.7,9.79,170600,9.79
2008-11-11,9.79,11.07,9.66,10.87,193600,10.87
2008-11-12,10.7,10.88,9.65,9.81,175400,9.81
2008-11-13,9.58,10.71,9.56,10.4,319700,10.4
2008-11-14,10.24,10.3,9.6,9.65,132400,9.65
2008-11-17,9.59,9.79,8.95,8.99,161800,8.99
2008-11-18,9,9.2,8.69,9.19,283200,9.19
2008-11-19,9.14,9.15,8.79,8.81,250500,8.81
2008-11-20,8.72,8.8,8,8.03,134600,8.03
2008-11-21,8.19,8.45,7.59,8.25,159300,8.25
2008-11-24,8.05,8.35,7.17,8.15,311500,8.15
2008-11-25,8.11,8.46,7.94,8.03,799500,8.03
2008-11-26,7.9,9.85,7.9,9.45,479500,9.45
2008-11-28,9.27,9.48,9.12,9.48,121300,9.48
2008-12-01,8.99,9.62,8.91,8.97,194900,8.97
2008-12-02,9.02,10.17,9.02,9.78,183200,9.78
2008-12-03,9.53,10.14,9.38,9.83,107600,9.83
2008-12-04,9.89,10.17,9.55,9.92,251200,9.92
2008-12-05,9.75,11.48,9.75,11.17,386700,11.17
2008-12-08,11.44,11.66,10.62,11.1,474900,11.1
2008-12-09,11,11,10.16,10.27,235600,10.27
2008-12-10,10.33,11,10.33,10.78,104800,10.78
2008-12-11,10.62,10.65,9.08,9.12,207800,9.12
2008-12-12,8.96,9.73,8.68,9.3,242800,9.3
2008-12-15,9.45,9.66,9,9.39,70100,9.39
2008-12-16,9.48,10.52,9.4,10.52,182100,10.52
2008-12-17,10.44,10.96,10.36,10.8,276500,10.8
2008-12-18,11,11.03,10.18,10.52,395500,10.52
2008-12-19,10.85,10.93,10.29,10.53,277300,10.53
2008-12-22,10.55,10.64,9.29,9.91,212100,9.91
2008-12-23,10.05,10.18,8.94,9.01,262900,9.01
2008-12-24,9.31,9.54,8.93,9.52,166100,9.52
2008-12-26,9.55,10.59,9.45,10.36,223100,10.36
2008-12-29,10.28,10.33,9.45,10.11,358400,10.11
2008-12-30,10.11,10.96,10.11,10.91,204000,10.91
2008-12-31,10.9,11.11,10.55,10.56,321900,10.56
2009-01-02,10.58,10.76,10.31,10.6,115000,10.6
2009-01-05,10.56,10.66,9.89,9.92,295500,9.92
2009-01-06,10.08,10.84,9.98,10.78,253600,10.78
2009-01-07,10.61,10.78,10,10.35,217700,10.35
2009-01-08,10.29,10.29,9.82,9.94,276900,9.94
2009-01-09,10.14,10.48,9.8,10.11,202700,10.11
2009-01-12,10.13,10.22,9.23,9.4,160000,9.4
2009-01-13,9.35,9.52,9.05,9.41,183600,9.41
2009-01-14,9.21,9.25,8.91,9.07,244200,9.07
2009-01-15,9.13,10.05,9.04,10.03,213000,10.03
2009-01-16,10.27,10.62,10.02,10.21,288800,10.21
2009-01-20,10.13,10.13,9.48,9.66,306900,9.66
2009-01-21,9.67,9.98,9.29,9.87,230500,9.87
2009-01-22,9.57,9.97,9.44,9.64,141600,9.64
2009-01-23,9.48,9.53,9.04,9.45,139100,9.45
2009-01-26,9.49,9.79,9.33,9.37,115700,9.37
2009-01-27,9.59,9.72,9.33,9.66,302100,9.66
2009-01-28,9.66,10.51,9.66,9.97,587000,9.97
2009-01-29,10.08,10.08,9.37,9.45,141900,9.45
2009-01-30,9.44,9.55,8.49,8.87,291800,8.87
2009-02-02,8.52,9.73,8.52,9.65,341200,9.65
2009-02-03,9.72,10.08,9.48,9.69,238000,9.69
2009-02-04,9.74,9.81,9.27,9.35,126000,9.35
2009-02-05,9.32,10,9.3,9.95,179300,9.95
2009-02-06,9.96,10.6,9.89,10.22,306000,10.22
2009-02-09,10.11,10.19,9.63,10.04,252900,10.04
2009-02-10,10,10.21,9.85,10,239100,10
2009-02-11,10,10.15,9.81,10,276300,10
2009-02-12,9.91,10.54,9.7,10.47,189700,10.47
2009-02-13,10.31,10.55,10,10.38,208200,10.38
2009-02-17,10.27,10.27,9.56,9.78,185200,9.78
2009-02-18,9.82,10.04,9.08,9.19,297200,9.19
2009-02-19,9.41,9.65,9.29,9.58,159000,9.58
2009-02-20,9.28,9.56,9,9.12,221800,9.12
2009-02-23,9.15,9.25,8.3,8.46,317800,8.46
2009-02-24,8.57,9.26,8.41,8.93,333800,8.93
2009-02-25,8.84,9.23,8.72,8.97,183900,8.97
2009-02-26,9,9.66,8.92,9.35,183400,9.35
2009-02-27,9.26,9.8,9.23,9.58,167100,9.58
2009-03-02,9.5,9.5,9.08,9.3,229200,9.3
2009-03-03,9.37,9.39,8.34,8.35,263600,8.35
2009-03-04,8.61,8.62,8.05,8.2,214100,8.2
2009-03-05,8.25,8.25,7.79,7.88,241100,7.88
2009-03-06,7.93,8.06,7.39,7.71,263300,7.71
2009-03-09,7.58,7.67,7.02,7.03,295900,7.03
2009-03-10,7.38,7.55,7.29,7.43,333300,7.43
2009-03-11,9.97,9.97,8.44,8.55,833500,8.55
2009-03-12,9.29,11.03,9.25,10.69,1363300,10.69
2009-03-13,10.61,10.77,9.71,10.17,249800,10.17
2009-03-16,10.36,10.41,9.95,10.04,232400,10.04
2009-03-17,9.99,10.75,9.93,10.74,247100,10.74
2009-03-18,10.73,11.01,10.57,11.01,190200,11.01
2009-03-19,11,11.08,10.91,10.97,236200,10.97
2009-03-20,11,11.03,10.36,10.41,325800,10.41
2009-03-23,10.52,10.84,10.42,10.61,315500,10.61
2009-03-24,10.6,11.08,10.6,10.75,365000,10.75
2009-03-25,10.94,11.61,10.84,11.61,311300,11.61
2009-03-26,11.7,12.23,11.7,12.04,507800,12.04
2009-03-27,11.9,12.95,11.82,12.78,373700,12.78
2009-03-30,12.17,12.56,11.82,12.03,368100,12.03
2009-03-31,12.18,12.94,11.93,12.75,238700,12.75
2009-04-01,12.33,12.76,11.93,12.74,273600,12.74
2009-04-02,12.87,13.6,12.65,13.43,432700,13.43
2009-04-03,13.3,13.61,12.98,13.57,173600,13.57
2009-04-06,13.13,13.34,12.67,12.96,440000,12.96
2009-04-07,12.82,12.82,11.9,11.92,355100,11.92
2009-04-08,11.92,12.95,11.91,12.95,249300,12.95
2009-04-09,13.3,14.25,13.07,13.97,314900,13.97
2009-04-13,13.8,13.8,13.1,13.31,411900,13.31
2009-04-14,13.9,13.91,13,13.31,498300,13.31
2009-04-15,13.4,13.73,13.22,13.5,380300,13.5
2009-04-16,13.73,14.14,13.33,14.01,418400,14.01
2009-04-17,14.14,14.6,13.9,14.6,377600,14.6
2009-04-20,14.48,14.48,12.86,13.44,500100,13.44
2009-04-21,13.28,14.59,13.28,14.41,477600,14.41
2009-04-22,14.39,15.36,14.19,14.67,637300,14.67
2009-04-23,14.84,15.25,13.85,14.51,349700,14.51
2009-04-24,14.54,15.46,14.36,15.35,488800,15.35
2009-04-27,15.16,15.2,14.41,14.76,367500,14.76
2009-04-28,14.5,15.1,14.27,14.94,294700,14.94
2009-04-29,15.08,16.11,15.03,15.97,510800,15.97
2009-04-30,16.14,16.19,14.92,14.96,380300,14.96
2009-05-01,15,15.29,14.43,15,277600,15
2009-05-04,15.24,16.26,15.24,16.06,526400,16.06
2009-05-05,16.05,16.49,15.87,16.34,224800,16.34
2009-05-06,16.45,16.45,14.38,15.16,609600,15.16
2009-05-07,15.17,15.65,15.03,15.3,427200,15.3
2009-05-08,15.35,15.56,14.31,14.77,272900,14.77
2009-05-11,14.38,14.47,13.5,13.51,393700,13.51
2009-05-12,13.09,13.39,13,13.02,530800,13.02
2009-05-13,12.72,13.03,12.3,12.48,491800,12.48
2009-05-14,12.57,13.51,12.25,13.18,445900,13.18
2009-05-15,13.16,13.36,13,13.01,324800,13.01
2009-05-18,13.43,13.86,13.2,13.79,505900,13.79
2009-05-19,13.79,14.47,13.78,14.36,367200,14.36
2009-05-20,14.4,14.99,14.28,14.37,264700,14.37
2009-05-21,13.94,14.29,13.92,14.07,279000,14.07
2009-05-22,14.08,14.33,14,14.1,256300,14.1
2009-05-26,14.05,15.1,14,15,331800,15
2009-05-27,14.93,15.39,14.82,14.92,334900,14.92
2009-05-28,15,15.47,14.4,15,320300,15
2009-05-29,15.24,15.24,14.71,15.15,321600,15.15
2009-06-01,15.5,16.01,15.3,15.87,394700,15.87
2009-06-02,15.88,16.05,15.69,15.95,348100,15.95
2009-06-03,15.95,16.12,15.25,15.44,413100,15.44
2009-06-04,15.68,15.68,14.78,15.15,292200,15.15
2009-06-05,15.32,15.52,15.05,15.06,211600,15.06
2009-06-08,15.02,15.12,14.49,15.06,141600,15.06
2009-06-09,15.1,15.68,14.98,15.53,142000,15.53
2009-06-10,15.87,16.66,15.43,15.79,431700,15.79
2009-06-11,15.88,16.21,15.34,15.38,269200,15.38
2009-06-12,15.31,15.44,15.18,15.4,140800,15.4
2009-06-15,15.52,15.52,14.67,15.12,257700,15.12
2009-06-16,15.12,15.33,13.79,14.12,340300,14.12
2009-06-17,14.01,14.35,14,14.27,195000,14.27
2009-06-18,14.23,14.25,13.95,14.09,212300,14.09
2009-06-19,14.1,14.7,14.1,14.25,182800,14.25
2009-06-22,14.2,14.24,13.79,14,241700,14
2009-06-23,14.05,14.29,14.01,14.12,121500,14.12
2009-06-24,14.27,14.94,14.19,14.88,298700,14.88
2009-06-25,14.83,15.42,14.67,15.42,233600,15.42
2009-06-26,15.38,16.69,15.1,16.52,830400,16.52
2009-06-29,16.77,17.15,15.71,15.81,343100,15.81
2009-06-30,16,16.03,15.31,15.76,208500,15.76
2009-07-01,15.77,16.1,15.77,15.89,221000,15.89
2009-07-02,15.18,15.96,14.85,15.4,249900,15.4
2009-07-06,15.56,15.56,15.17,15.4,488300,15.4
2009-07-07,15.4,15.58,15.08,15.2,246500,15.2
2009-07-08,15.12,15.53,14.86,15.48,356000,15.48
2009-07-09,15.53,16.06,15.49,15.78,201900,15.78
2009-07-10,15.73,16.46,15.51,16.32,377100,16.32
2009-07-13,16.21,17,15.92,16.89,594200,16.89
2009-07-14,16.92,17.16,16.74,17.03,424200,17.03
2009-07-15,17.15,17.5,16.93,17.23,493500,17.23
2009-07-16,17.18,17.25,16.65,16.86,288600,16.86
2009-07-17,16.2,16.63,15.75,16.49,538500,16.49
2009-07-20,16.53,16.57,15.92,16.52,435300,16.52
2009-07-21,16.64,16.8,16,16.31,194900,16.31
2009-07-22,16.31,16.94,16.24,16.82,260200,16.82
2009-07-23,16.76,17.67,16.7,17.67,300000,17.67
2009-07-24,17.48,17.58,16.64,17,288100,17
2009-07-27,17,17.47,16.29,16.9,243600,16.9
2009-07-28,16.71,16.87,16.06,16.75,170600,16.75
2009-07-29,16.67,16.81,16.12,16.44,132900,16.44
2009-07-30,16.52,17.17,16.35,16.46,173800,16.46
2009-07-31,16.47,16.89,16.32,16.42,94500,16.42
2009-08-03,16.6,16.97,16.33,16.96,277900,16.96
2009-08-04,16.89,17.41,16.68,17.18,163000,17.18
2009-08-05,19,21.14,18.63,20.1,1408700,20.1
2009-08-06,20,20.43,19.63,19.72,449300,19.72
2009-08-07,20.08,20.8,19.7,20.66,366800,20.66
2009-08-10,20.43,20.5,20,20.47,548500,20.47
2009-08-11,20.47,20.59,20.25,20.38,243400,20.38
2009-08-12,20.38,20.95,20.34,20.68,322500,20.68
2009-08-13,21.05,21.08,20.4,20.77,287600,20.77
2009-08-14,20.77,20.8,20,20.2,186700,20.2
2009-08-17,19.86,20.12,19.23,19.92,478800,19.92
2009-08-18,19.92,20.49,19.86,20.31,726600,20.31
2009-08-19,20.12,21.37,20.08,20.76,539100,20.76
2009-08-20,20.92,21.18,20.13,20.57,344100,20.57
2009-08-21,20.8,21.67,20.47,21.27,931800,21.27
2009-08-24,21.72,22.7,21.5,22.05,619000,22.05
2009-08-25,22.39,22.73,21.73,21.91,683200,21.91
2009-08-26,22.16,22.41,21.7,22.07,298300,22.07
2009-08-27,21.99,22.42,21.8,22.38,243700,22.38
2009-08-28,22.51,22.74,22.04,22.15,590600,22.15
2009-08-31,22.18,22.18,21.75,22,603500,22
2009-09-01,21.95,22.35,20.35,20.59,956900,20.59
2009-09-02,20.75,20.99,20.11,20.6,448400,20.6
2009-09-03,20.77,20.94,20.12,20.33,463100,20.33
2009-09-04,20.36,20.77,20.13,20.51,195300,20.51
2009-09-08,20.55,20.77,20.36,20.62,424800,20.62
2009-09-09,20.69,21.7,20.5,21.5,236000,21.5
2009-09-10,21.59,22.25,21.4,22.07,222200,22.07
2009-09-11,21.81,22.5,21.79,22.3,326800,22.3
2009-09-14,22.07,22.62,21.58,22.42,231300,22.42
2009-09-15,22.31,22.69,22.01,22.03,249400,22.03
2009-09-16,22.1,22.6,21.73,22.5,170100,22.5
2009-09-17,22.53,22.6,22.15,22.28,126800,22.28
2009-09-18,22.3,22.3,21.7,21.78,200800,21.78
2009-09-21,21.77,21.77,20.89,21.17,269400,21.17
2009-09-22,21.1,21.68,20.47,21.55,371300,21.55
2009-09-23,21.73,22.04,21.2,21.3,189200,21.3
2009-09-24,21.46,21.59,20.47,20.51,296600,20.51
2009-09-25,21.09,21.09,20,20.45,397600,20.45
2009-09-28,20.71,21.25,20.45,21,277800,21
2009-09-29,21.06,21.71,21.03,21.3,180400,21.3
2009-09-30,21.37,21.85,20.92,21.69,258100,21.69
2009-10-01,21.65,21.89,21.24,21.5,429200,21.5
2009-10-02,21.37,21.52,20.92,21.11,248600,21.11
2009-10-05,21.28,21.74,21,21.66,161200,21.66
2009-10-06,21.95,23.04,21.9,23.01,291000,23.01
2009-10-07,23.2,24.04,23.04,23.87,512600,23.87
2009-10-08,24.18,24.34,23.37,23.47,391300,23.47
2009-10-09,23.34,23.6,22.75,23.06,177800,23.06
2009-10-12,23.13,23.17,21.71,22.5,395100,22.5
2009-10-13,22.53,22.76,22.26,22.58,170500,22.58
2009-10-14,22.75,23,22.05,22.22,325600,22.22
2009-10-15,22.05,22.36,21.84,22.01,253000,22.01
2009-10-16,21.76,22.65,21.76,22.5,178800,22.5
2009-10-19,22.51,23.48,22.28,23.38,262500,23.38
2009-10-20,23.5,23.8,23.2,23.6,294000,23.6
2009-10-21,23.5,24.71,22.9,23.26,501300,23.26
2009-10-22,23.17,23.22,22.5,23.03,286000,23.03
2009-10-23,23.27,23.5,22.5,22.64,119400,22.64
2009-10-26,22.64,23.49,22.15,22.18,305000,22.18
2009-10-27,22.29,22.29,21.45,21.53,299700,21.53
2009-10-28,21.66,21.96,20.42,20.44,310300,20.44
2009-10-29,20.57,21.04,20.44,20.81,563800,20.81
2009-10-30,20.74,21.47,20.61,21.25,346300,21.25
2009-11-02,21.46,22,21.04,21.7,261900,21.7
2009-11-03,21.36,22.9,21.24,22.8,624500,22.8
2009-11-04,23.4,24.48,21.91,22.89,915700,22.89
2009-11-05,22.97,24.65,22.58,24.01,535900,24.01
2009-11-06,23.76,25.07,23.76,24.95,362600,24.95
2009-11-09,25.23,25.8,24.81,24.98,317500,24.98
2009-11-10,26.15,26.25,24.25,24.44,1443300,24.44
2009-11-11,24.62,25.15,24.36,24.54,547300,24.54
2009-11-12,24.5,25,24.35,24.81,290400,24.81
2009-11-13,24.97,25.12,24.73,25,455900,25
2009-11-16,25.41,25.52,24.69,24.71,2710100,24.71
2009-11-17,24.41,25.34,24.37,24.91,516300,24.91
2009-11-18,24.91,25.23,24.9,25.06,312000,25.06
2009-11-19,24.99,25.04,24.08,24.43,397100,24.43
2009-11-20,24.34,24.72,24.13,24.62,269400,24.62
2009-11-23,24.78,25.28,24.78,25,301100,25
2009-11-24,24.82,25.31,24.11,24.17,175000,24.17
2009-11-25,24.2,24.76,23.8,24.57,258700,24.57
2009-11-27,24.09,24.67,23.83,24.04,63200,24.04
2009-11-30,24.09,24.19,23.21,23.62,284600,23.62
2009-12-01,23.7,24.92,23.7,24.68,283800,24.68
2009-12-02,24.71,25.99,24.63,25.77,431700,25.77
2009-12-03,25.78,26.55,25.59,26.31,687100,26.31
2009-12-04,26.79,27.6,26.13,26.35,599100,26.35
2009-12-07,26.48,26.84,25.98,26.1,169400,26.1
2009-12-08,25.67,26.21,25.25,25.82,184300,25.82
2009-12-09,25.76,25.84,25.08,25.45,100000,25.45
2009-12-10,25.63,26.15,25.2,26,216500,26
2009-12-11,26.05,26.45,26,26.39,189800,26.39
2009-12-14,26.72,27.58,26.43,27.54,262200,27.54
2009-12-15,27.66,28.01,27.09,27.44,253300,27.44
2009-12-16,27.57,28.44,27.57,28.19,208900,28.19
2009-12-17,28,28.02,26.63,27.64,529400,27.64
2009-12-18,27.59,27.59,26.65,27.04,610400,27.04
2009-12-21,27.11,27.44,26.92,27.25,120800,27.25
2009-12-22,27.45,27.45,27.13,27.18,131100,27.18
2009-12-23,27.25,28.39,27.25,28.25,180200,28.25
2009-12-24,28.25,28.58,28.22,28.4,78500,28.4
2009-12-28,28.55,28.82,28.02,28.42,133600,28.42
2009-12-29,28.42,28.93,28.16,28.19,90800,28.19
2009-12-30,27.93,28.25,27.07,27.2,189200,27.2
2009-12-31,27.11,27.57,26.76,26.8,277300,26.8
2010-01-04,27.18,27.25,25.29,26.18,524100,26.18
2010-01-05,26.37,26.54,25.82,26.1,153200,26.1
2010-01-06,26.02,26.4,25.77,26.24,178200,26.24
2010-01-07,26.27,26.86,26.21,26.85,170600,26.85
2010-01-08,26.63,27.65,26.63,27.64,259600,27.64
2010-01-11,28.53,28.53,25.38,26.25,1827200,26.25
2010-01-12,25.41,26.54,24.95,25.16,719000,25.16
2010-01-13,25.36,26.27,24.63,26.1,414100,26.1
2010-01-14,26.1,26.19,25.56,25.59,255700,25.59
2010-01-15,25.72,26.03,24.75,25.03,174300,25.03
2010-01-19,25.13,25.13,24.9,25.02,296800,25.02
2010-01-20,24.9,25.26,24.8,25.07,372600,25.07
2010-01-21,25.04,25.37,24.64,24.69,209600,24.69
2010-01-22,24.66,24.67,23.05,23.3,465300,23.3
2010-01-25,23.57,23.79,22.59,22.94,411200,22.94
2010-01-26,22.84,23.87,22.84,23.75,372500,23.75
2010-01-27,23.69,24.06,23.25,24.05,180200,24.05
2010-01-28,24.18,24.18,23.25,23.65,145000,23.65
2010-01-29,23.69,23.9,23.53,23.68,168000,23.68
2010-02-01,23.67,24.1,23.53,24.05,406400,24.05
2010-02-02,24,24.92,23.79,24.91,580700,24.91
2010-02-03,24.69,25.01,24.55,24.81,312200,24.81
2010-02-04,24.7,24.7,23.45,23.45,385400,23.45
2010-02-05,23.51,23.51,22.65,22.75,328300,22.75
2010-02-08,22.79,23.61,22.69,23.32,202800,23.32
2010-02-09,23.6,24.17,23.29,24.16,213000,24.16
2010-02-10,24.15,24.26,23.62,24.23,127600,24.23
2010-02-11,24.1,24.96,23.92,24.93,158600,24.93
2010-02-12,24.74,25.46,24.58,25.46,203400,25.46
2010-02-16,25.74,25.91,25.23,25.81,193500,25.81
2010-02-17,25.96,26.21,25.4,25.8,180300,25.8
2010-02-18,25.3,25.3,22.04,22.57,1611800,22.57
2010-02-19,22.43,23.13,22.12,22.78,537900,22.78
2010-02-22,22.92,23.36,22.82,23.34,435300,23.34
2010-02-23,23.3,23.42,22.82,22.94,684900,22.94
2010-02-24,22.86,23.01,22.34,22.51,403200,22.51
2010-02-25,22.19,22.81,21.85,22.51,542500,22.51
2010-02-26,22.46,22.51,22.03,22.18,706600,22.18
2010-03-01,22.15,22.96,22.05,22.86,593100,22.86
2010-03-02,22.9,23.18,22.62,23.07,530200,23.07
2010-03-03,23.04,23.88,22.79,23.77,691400,23.77
2010-03-04,23.89,24.67,23.81,24.53,559000,24.53
2010-03-05,24.65,25,24.6,24.89,627600,24.89
2010-03-08,24.81,24.99,24.48,24.7,281900,24.7
2010-03-09,24.53,24.74,23.73,23.99,300900,23.99
2010-03-10,24,24,23.63,23.8,241600,23.8
2010-03-11,23.86,24.31,23.38,24.19,260600,24.19
2010-03-12,24.35,24.73,23.78,24.16,184800,24.16
2010-03-15,24.17,24.42,23.95,24.37,248600,24.37
2010-03-16,24.39,25.2,24.06,25.14,411100,25.14
2010-03-17,25.12,25.89,24.85,25.76,406800,25.76
2010-03-18,25.61,25.85,25.34,25.59,226900,25.59
2010-03-19,24.92,25.7,24.64,24.92,533400,24.92
2010-03-22,24.81,26.46,24.5,26.3,860600,26.3
2010-03-23,26.38,26.99,26.27,26.75,389900,26.75
2010-03-24,26.56,26.98,25.88,26.42,392200,26.42
2010-03-25,26.47,26.93,26.29,26.7,325700,26.7
2010-03-26,26.72,27.08,26.26,26.42,460900,26.42
2010-03-29,26.41,26.72,26,26.5,213000,26.5
2010-03-30,26.6,26.9,26.32,26.57,279200,26.57
2010-03-31,26.46,26.97,26.17,26.67,255600,26.67
2010-04-01,26.78,27,26.21,26.69,365500,26.69
2010-04-05,26.86,27.47,26.81,27.44,266000,27.44
2010-04-06,27.21,27.72,27.15,27.29,236600,27.29
2010-04-07,27.34,27.68,26.66,26.81,214300,26.81
2010-04-08,26.76,27.3,26.21,27.05,188400,27.05
2010-04-09,27.12,27.88,26.82,27.88,280200,27.88
2010-04-12,27.96,28.09,27.71,28.08,146500,28.08
2010-04-13,28.07,28.07,27.01,27.31,321300,27.31
2010-04-14,27.34,28.84,27.34,28.81,233900,28.81
2010-04-15,28.93,29.63,28.53,29.49,303500,29.49
2010-04-16,29.49,29.52,28.76,29.32,263000,29.32
2010-04-19,29.14,29.35,28.2,28.75,170600,28.75
2010-04-20,28.78,29.43,28.74,29.35,111400,29.35
2010-04-21,29.45,29.94,29.12,29.94,179600,29.94
2010-04-22,29.74,30.92,29.59,30.63,661400,30.63
2010-04-23,30.72,32.17,30.72,31.99,491000,31.99
2010-04-26,32.05,33.41,31.7,31.87,1039200,31.87
2010-04-27,31.81,31.81,29.96,30.6,913400,30.6
2010-04-28,29.98,31.15,28.64,30.74,1361300,30.74
2010-04-29,31.15,31.57,30.54,31.23,334200,31.23
2010-04-30,31.42,31.72,30.44,30.46,278600,30.46
2010-05-03,30.58,31.91,30.24,31.52,459700,31.52
2010-05-04,31.32,31.32,29.98,30.07,360300,30.07
2010-05-05,29.98,30.55,29.03,29.68,288700,29.68
2010-05-06,29.45,29.99,26.66,28.09,702600,28.09
2010-05-07,28.11,28.92,27.19,28.02,343800,28.02
2010-05-10,29.38,29.68,29,29.47,382100,29.47
2010-05-11,29.14,30.82,29,30.14,289600,30.14
2010-05-12,30.33,31.4,30.23,31.25,313000,31.25
2010-05-13,31.24,31.99,30.06,30.38,228400,30.38
2010-05-14,30.16,30.16,29.15,29.73,297800,29.73
2010-05-17,29.82,30.26,28.92,29.8,329900,29.8
2010-05-18,30.22,30.67,29.21,29.33,263000,29.33
2010-05-19,29.1,29.78,28.19,28.63,250000,28.63
2010-05-20,28.04,28.05,26.83,26.9,259400,26.9
2010-05-21,26.46,28.62,26.06,28.34,325900,28.34
2010-05-24,28.39,28.63,27.96,28.17,143400,28.17
2010-05-25,27.41,27.98,26.86,27.92,267100,27.92
2010-05-26,28.06,29.39,27.92,28.69,271500,28.69
2010-05-27,29.32,29.84,28.93,29.8,164900,29.8
2010-05-28,29.81,29.96,29.12,29.51,381600,29.51
2010-06-01,29.19,29.44,28.62,28.66,213300,28.66
2010-06-02,28.66,29.27,27.84,29.25,243200,29.25
2010-06-03,29.38,30.39,29.29,30.07,387400,30.07
2010-06-04,29.6,29.6,27.65,27.82,372900,27.82
2010-06-07,27.81,28.32,27.4,27.83,282000,27.83
2010-06-08,27.9,28.23,26.58,27,662400,27
2010-06-09,27.32,27.34,25.72,26.35,607300,26.35
2010-06-10,27,27.4,26.68,27.25,437800,27.25
2010-06-11,27,27.42,26.65,27.42,303900,27.42
2010-06-14,27.92,28.57,27.38,27.63,292000,27.63
2010-06-15,27.68,28.18,26.83,27.41,372300,27.41
2010-06-16,27.1,27.81,26.98,27.52,183300,27.52
2010-06-17,27.61,27.61,26.87,27.17,264900,27.17
2010-06-18,27.29,27.75,27.07,27.18,249600,27.18
2010-06-21,27.5,27.62,26.28,26.47,341500,26.47
2010-06-22,26.48,26.8,25.69,25.75,474200,25.75
2010-06-23,25.64,25.85,25.25,25.45,428800,25.45
2010-06-24,25.21,25.25,24.01,24.01,947300,24.01
2010-06-25,24,25.08,23.63,24.74,1351400,24.74
2010-06-28,24.72,25.11,24.22,24.43,355100,24.43
2010-06-29,23.96,24.14,23.18,23.44,340600,23.44
2010-06-30,23.37,23.9,22.97,23.33,243300,23.33
2010-07-01,23.4,23.43,21.95,23.13,629400,23.13
2010-07-02,23.11,23.34,22.35,22.6,187100,22.6
2010-07-06,22.96,23.24,21.5,21.58,349200,21.58
2010-07-07,21.57,22.79,21.43,22.73,593800,22.73
2010-07-08,23.15,23.36,22.31,22.55,261800,22.55
2010-07-09,22.55,23.01,22.44,23,137900,23
2010-07-12,22.86,23.15,22.32,22.87,203600,22.87
2010-07-13,23.16,23.91,22.9,23.68,273800,23.68
2010-07-14,23.53,24.19,23.28,23.66,228200,23.66
2010-07-15,23.69,23.69,23,23.51,289400,23.51
2010-07-16,23.28,23.28,21.75,21.8,200900,21.8
2010-07-19,21.89,22.12,21.5,21.75,457500,21.75
2010-07-20,21.39,21.83,21.25,21.81,439300,21.81
2010-07-21,22.02,22.18,21.34,21.47,261500,21.47
2010-07-22,21.82,22.96,21.78,22.85,299600,22.85
2010-07-23,22.79,23.53,22.41,23.24,129400,23.24
2010-07-26,23.4,24.15,23.18,24.1,181700,24.1
2010-07-27,24.2,24.43,23.75,23.8,242200,23.8
2010-07-28,23.75,24.05,23.48,23.92,578100,23.92
2010-07-29,24.19,24.94,24.02,24.76,470500,24.76
2010-07-30,24.36,25.04,23.93,24.82,201600,24.82
2010-08-02,25.15,25.49,24.86,25.06,313200,25.06
2010-08-03,24.9,25.28,24.26,24.59,287700,24.59
2010-08-04,22.85,23.37,21.43,23.33,2219200,23.33
2010-08-05,23.09,23.78,22.77,23.69,645400,23.69
2010-08-06,23.28,24,23.06,23.86,516800,23.86
2010-08-09,23.94,24.02,23.36,23.41,454800,23.41
2010-08-10,23.08,23.26,22.65,22.87,236100,22.87
2010-08-11,22.38,22.54,21.86,21.94,349000,21.94
2010-08-12,21.5,21.68,21.12,21.56,500800,21.56
2010-08-13,21.44,21.69,20.7,20.74,510200,20.74
2010-08-16,20.69,21.32,20.55,21.21,317100,21.21
2010-08-17,21.38,22.28,21.37,21.56,472100,21.56
2010-08-18,21.56,21.75,21.22,21.4,264200,21.4
2010-08-19,21.39,21.39,20.1,20.27,509300,20.27
2010-08-20,20.13,20.78,20.11,20.77,381500,20.77
2010-08-23,20.88,21.05,20.39,20.45,359700,20.45
2010-08-24,20.21,20.21,19.56,19.68,863600,19.68
2010-08-25,19.59,20.2,19.33,20.09,575500,20.09
2010-08-26,20.22,20.36,19.98,19.99,356200,19.99
2010-08-27,20.23,20.74,19.86,20.7,369200,20.7
2010-08-30,20.6,20.65,20.18,20.26,281900,20.26
2010-08-31,20.06,20.4,20,20.03,303100,20.03
2010-09-01,20.4,21.5,20.21,21.45,454800,21.45
2010-09-02,21.29,22.53,21.29,22.37,311900,22.37
2010-09-03,22.7,23.35,22.41,23.27,297500,23.27
2010-09-07,23.17,23.23,22.55,22.64,355300,22.64
2010-09-08,22.63,22.93,22.47,22.54,202100,22.54
2010-09-09,22.9,22.96,22.4,22.48,180700,22.48
2010-09-10,22.61,22.78,22.42,22.65,271600,22.65
2010-09-13,22.79,23.33,22.54,22.88,468100,22.88
2010-09-14,22.86,23.39,22.75,23.17,366400,23.17
2010-09-15,23.02,23.1,22.72,22.95,231000,22.95
2010-09-16,22.9,23.04,22.66,22.96,194500,22.96
2010-09-17,23.21,23.31,22.55,23.22,894500,23.22
2010-09-20,23.24,24.04,22.93,24.02,206100,24.02
2010-09-21,24.07,24.62,23.9,24.08,313300,24.08
2010-09-22,23.91,24.19,23.54,24.01,264100,24.01
2010-09-23,23.72,24,22.78,23.06,423100,23.06
2010-09-24,23.4,24.33,23.4,24.32,193000,24.32
2010-09-27,24.5,24.77,24.31,24.73,185400,24.73
2010-09-28,24.74,24.74,24,24.48,214400,24.48
2010-09-29,24.33,24.82,24.28,24.67,145500,24.67
2010-09-30,24.68,24.78,24.31,24.57,277500,24.57
2010-10-01,24.88,24.99,24.12,24.44,336400,24.44
2010-10-04,24.4,24.54,23.9,24.27,192200,24.27
2010-10-05,24.6,24.91,24.36,24.79,204800,24.79
2010-10-06,24.68,24.68,24.16,24.4,275600,24.4
2010-10-07,24.61,24.75,24.17,24.3,274800,24.3
2010-10-08,24.28,25.05,24.2,24.8,254300,24.8
2010-10-11,25.01,26.84,24.99,26.3,653300,26.3
2010-10-12,26.25,27.05,25.95,26.89,429100,26.89
2010-10-13,26.99,26.99,26.44,26.51,249800,26.51
2010-10-14,26.35,26.35,25.67,26.08,274100,26.08
2010-10-15,26.38,26.5,24.57,24.73,777800,24.73
2010-10-18,24.83,24.94,24.63,24.7,450600,24.7
2010-10-19,24.36,24.68,23.75,24.06,332500,24.06
2010-10-20,24.12,24.43,24.03,24.14,168300,24.14
2010-10-21,24.28,24.73,23.63,24.11,352400,24.11
2010-10-22,24.23,24.48,24.11,24.47,213000,24.47
2010-10-25,24.56,24.79,24.47,24.66,180800,24.66
2010-10-26,24.59,24.81,24.35,24.47,193700,24.47
2010-10-27,24.35,24.35,23.44,24.14,231300,24.14
2010-10-28,24.31,24.43,23.68,23.92,140300,23.92
2010-10-29,23.83,24.25,23.63,24.08,128600,24.08
2010-11-01,24.16,24.25,23.22,23.36,210400,23.36
2010-11-02,23.71,24.1,23.43,23.95,267900,23.95
2010-11-03,24,25.07,23.95,24.89,383800,24.89
2010-11-04,22.16,22.59,21.34,21.51,3475900,21.51
2010-11-05,21.81,22.23,21.3,21.94,1315200,21.94
2010-11-08,21.91,21.99,21.56,21.78,544300,21.78
2010-11-09,21.81,22,21.71,21.88,627400,21.88
2010-11-10,21.89,22.21,21.78,22.12,322000,22.12
2010-11-11,21.9,22.33,21.8,22.07,237500,22.07
2010-11-12,21.84,22.18,21.81,21.83,333900,21.83
2010-11-15,22,22.01,21.42,21.62,268800,21.62
2010-11-16,21.46,21.81,21.09,21.19,560900,21.19
2010-11-17,21.28,21.6,21.21,21.58,271600,21.58
2010-11-18,21.82,22.43,21.82,22.19,310500,22.19
2010-11-19,21.74,22.15,21.74,21.91,198200,21.91
2010-11-22,21.79,22.27,21.56,22.27,306800,22.27
2010-11-23,21.95,22.6,21.85,22.56,357000,22.56
2010-11-24,22.69,23.63,22.62,23.62,342900,23.62
2010-11-26,23.41,23.78,23.29,23.42,145700,23.42
2010-11-29,23.27,23.52,22.72,23.22,435400,23.22
2010-11-30,22.95,23.6,22.63,23.54,415000,23.54
2010-12-01,23.88,24.27,23.58,24.19,458000,24.19
2010-12-02,24.17,25.05,24.06,24.78,563200,24.78
2010-12-03,24.62,25.19,24.48,25.08,505900,25.08
2010-12-06,25.02,25.97,25.01,25.88,430500,25.88
2010-12-07,26.06,26.1,25.18,25.25,596500,25.25
2010-12-08,25.3,25.45,24,24.2,963600,24.2
2010-12-09,24.37,24.48,23.74,23.99,343900,23.99
2010-12-10,23.99,23.99,23.23,23.52,449600,23.52
2010-12-13,23.58,23.67,23.02,23.03,263800,23.03
2010-12-14,23.03,23.24,22.83,23.21,538100,23.21
2010-12-15,23.12,24.15,23.12,23.85,379400,23.85
2010-12-16,23.87,24.32,23.8,24.17,221100,24.17
2010-12-17,24.26,24.4,24.08,24.37,270000,24.37
2010-12-20,24.37,24.59,24.35,24.37,164100,24.37
2010-12-21,24.52,25.13,24.52,24.75,319400,24.75
2010-12-22,24.83,24.83,24.35,24.38,98000,24.38
2010-12-23,24.4,24.67,24.15,24.53,110200,24.53
2010-12-27,24.43,24.51,24.2,24.4,225800,24.4
2010-12-28,24.15,24.55,24.15,24.44,284900,24.44
2010-12-29,24.51,25.04,24.45,24.58,328500,24.58
2010-12-30,24.53,24.94,24.47,24.83,151900,24.83
2010-12-31,24.84,25.07,24.7,24.91,210100,24.91
2011-01-03,25.55,25.71,25.01,25.07,442900,25.07
2011-01-04,25.05,25.28,24.33,24.37,291100,24.37
2011-01-05,25.07,26.84,25.07,26.01,1510900,26.01
2011-01-06,26.09,26.17,25.52,25.62,284500,25.62
2011-01-07,25.72,25.9,25.23,25.66,167700,25.66
2011-01-10,25.6,25.98,25.45,25.75,111000,25.75
2011-01-11,25.95,26.22,25.77,26.08,143000,26.08
2011-01-12,26.25,26.92,26.21,26.53,228600,26.53
2011-01-13,26.57,26.63,26.24,26.38,114000,26.38
2011-01-14,26.45,26.75,26.14,26.73,219900,26.73
2011-01-18,26.76,26.76,26.36,26.71,127900,26.71
2011-01-19,26.77,26.77,25.6,25.79,205000,25.79
2011-01-20,25.64,26.21,25.64,25.86,144600,25.86
2011-01-21,26.03,26.26,25.98,26.11,159600,26.11
2011-01-24,26.14,26.26,25.85,25.98,783000,25.98
2011-01-25,25.87,26.32,25.73,26.28,329600,26.28
2011-01-26,26.44,27.35,26.31,27.29,249400,27.29
2011-01-27,27.25,28.24,27.19,28.19,272100,28.19
2011-01-28,28.1,28.12,27.59,27.67,380700,27.67
2011-01-31,27.75,28.23,27.58,27.94,280200,27.94
2011-02-01,28.14,28.9,28.14,28.58,392500,28.58
2011-02-02,28.53,28.57,27.39,27.5,208500,27.5
2011-02-03,27.42,27.77,27.14,27.74,250200,27.74
2011-02-04,27.7,27.97,27.45,27.65,92700,27.65
2011-02-07,27.74,28.11,27.73,27.91,132000,27.91
2011-02-08,27.84,27.95,27.56,27.89,165800,27.89
2011-02-09,27.76,28.07,27.61,28.01,175200,28.01
2011-02-10,27.92,28.18,27.65,27.75,144000,27.75
2011-02-11,27.68,28.35,27.62,28.32,125000,28.32
2011-02-14,28.42,28.51,28.2,28.28,62400,28.28
2011-02-15,28.21,28.51,28.14,28.15,128300,28.15
2011-02-16,28.19,28.4,28.01,28.14,145700,28.14
2011-02-17,28.04,28.96,28.02,28.73,183800,28.73
2011-02-18,28.75,28.82,28.52,28.66,153700,28.66
2011-02-22,28.43,28.75,27.26,27.34,354400,27.34
2011-02-23,25.93,25.93,24.25,24.44,1630200,24.44
2011-02-24,24.43,24.44,23.78,23.95,880500,23.95
2011-02-25,23.96,24.18,23.52,23.77,432500,23.77
2011-02-28,23.75,24.07,23.2,23.28,490000,23.28
2011-03-01,23.51,23.86,22.79,22.81,457100,22.81
2011-03-02,22.76,23.19,22.59,22.97,289300,22.97
2011-03-03,23.12,23.49,23.04,23.49,337100,23.49
2011-03-04,23.52,23.88,23.27,23.56,219800,23.56
2011-03-07,23.64,23.71,22.65,22.76,421900,22.76
2011-03-08,22.75,23.53,22.6,23.49,349700,23.49
2011-03-09,23.4,23.67,23.24,23.43,187000,23.43
2011-03-10,23.12,23.54,22.82,23.42,356500,23.42
2011-03-11,23.42,23.56,23.05,23.39,306000,23.39
2011-03-14,23.06,24.36,22.27,24.25,449200,24.25
2011-03-15,23.62,24.57,22.65,24.52,482800,24.52
2011-03-16,24.41,25.09,24.14,24.51,590200,24.51
2011-03-17,24.87,24.87,23.59,23.88,413800,23.88
2011-03-18,24.07,24.36,23.46,23.63,1963600,23.63
2011-03-21,23.8,23.94,23.41,23.69,333100,23.69
2011-03-22,23.75,24.39,23.52,23.79,368100,23.79
2011-03-23,23.69,24.91,23.53,24.8,453900,24.8
2011-03-24,24.99,25,24.29,24.54,228100,24.54
2011-03-25,24.5,25,24.29,24.89,183800,24.89
2011-03-28,24.91,25,24.4,24.78,234500,24.78
2011-03-29,24.76,25.28,24.65,24.9,167400,24.9
2011-03-30,25,25.07,24.78,25,188400,25
2011-03-31,24.99,25.14,24.55,24.99,208400,24.99
2011-04-01,25.11,25.15,24.39,24.69,161800,24.69
2011-04-04,24.8,24.8,24.04,24.38,155500,24.38
2011-04-05,24.27,24.75,24.21,24.35,237200,24.35
2011-04-06,24.48,24.84,24.41,24.76,182200,24.76
2011-04-07,24.82,25.12,24.68,24.71,139000,24.71
2011-04-08,24.74,24.74,24.2,24.28,141400,24.28
2011-04-11,24.24,24.4,23.7,23.9,186900,23.9
2011-04-12,23.77,23.88,23.35,23.37,394600,23.37
2011-04-13,23.51,23.52,22.9,23.17,502800,23.17
2011-04-14,23,23,22.16,22.4,745000,22.4
2011-04-15,23.07,24.1,22.74,23.93,1491200,23.93
2011-04-18,23.56,24.01,23.52,23.8,316900,23.8
2011-04-19,23.85,24.23,23.66,23.81,235100,23.81
2011-04-20,22.99,24.22,22.97,24.03,652000,24.03
2011-04-21,24.17,24.17,23.75,24.06,201200,24.06
2011-04-25,23.94,24.04,23.39,23.76,321300,23.76
2011-04-26,23.8,24.06,23.35,23.83,358500,23.83
2011-04-27,23.94,25.17,23.48,24.47,946800,24.47
2011-04-28,24.37,25.09,24.27,25.06,504200,25.06
2011-04-29,25.12,25.96,24.97,25.95,468000,25.95
2011-05-02,25.96,26.21,25.75,26.04,813600,26.04
2011-05-03,26,26,25.58,25.69,259000,25.69
2011-05-04,25.74,25.74,25,25.31,185000,25.31
2011-05-05,25.12,25.62,25,25.38,264900,25.38
2011-05-06,25.53,25.99,25.39,25.49,571200,25.49
2011-05-09,25.5,26.05,25.27,25.88,181000,25.88
2011-05-10,25.93,26.27,25.77,26.21,175900,26.21
2011-05-11,26.12,26.46,25.6,26.29,578100,26.29
2011-05-12,26.35,26.6,26.1,26.43,300000,26.43
2011-05-13,26.53,26.7,26.17,26.27,287900,26.27
2011-05-16,26.24,26.49,25.51,25.52,486200,25.52
2011-05-17,25.52,25.95,25.5,25.57,224700,25.57
2011-05-18,25.72,26.28,25.6,26.16,229700,26.16
2011-05-19,26.37,26.37,25.86,26.12,184200,26.12
2011-05-20,26.03,26.31,25.8,25.92,186100,25.92
2011-05-23,25.63,26.24,25.63,25.89,462400,25.89
2011-05-24,26.04,26.04,25.53,25.63,209100,25.63
2011-05-25,25.65,26.34,25.61,26.26,347200,26.26
2011-05-26,26.2,26.52,25.92,25.98,607400,25.98
2011-05-27,26.11,26.28,25.94,26.23,303300,26.23
2011-05-31,26.53,27,26.48,26.97,425300,26.97
2011-06-01,26.85,26.91,26.23,26.3,478700,26.3
2011-06-02,26.32,26.37,25.51,25.55,351100,25.55
2011-06-03,25.28,25.43,24.7,24.73,335200,24.73
2011-06-06,24.66,24.82,23.95,24.05,592400,24.05
2011-06-07,24.22,24.51,23.78,23.8,226700,23.8
2011-06-08,23.77,23.88,23.31,23.32,331700,23.32
2011-06-09,23.43,23.88,23.29,23.31,383000,23.31
2011-06-10,23.29,23.36,22.41,22.6,428200,22.6
2011-06-13,22.66,23.26,22.66,23.08,284300,23.08
2011-06-14,23.3,23.88,23.2,23.82,326500,23.82
2011-06-15,23.59,23.91,23.45,23.56,380600,23.56
2011-06-16,23.59,23.92,23.12,23.46,230100,23.46
2011-06-17,23.64,24.02,23.41,23.43,471200,23.43
2011-06-20,23.45,23.87,23.31,23.81,249700,23.81
2011-06-21,24.03,24.71,24.03,24.49,283700,24.49
2011-06-22,24.38,24.7,24.18,24.38,277500,24.38
2011-06-23,24.79,25.74,24.58,25.72,652600,25.72
2011-06-24,25.71,25.98,25.42,25.75,405100,25.75
2011-06-27,25.68,26.06,25.53,25.85,239500,25.85
2011-06-28,25.88,25.91,25.71,25.85,175100,25.85
2011-06-29,25.95,26,25.46,25.62,192800,25.62
2011-06-30,25.68,25.86,25.25,25.4,422300,25.4
2011-07-01,25.55,26.1,25.4,26.06,312500,26.06
2011-07-05,26.03,26.03,25.52,25.77,235600,25.77
2011-07-06,25.8,25.92,25.44,25.64,196700,25.64
2011-07-07,21.15,21.2,18.2,18.32,9255400,18.32
2011-07-08,18.5,18.88,18.42,18.6,2958800,18.6
2011-07-11,18.63,18.74,17.84,17.96,1332700,17.96
2011-07-12,17.99,18.1,17.65,17.8,1093400,17.8
2011-07-13,18.01,18.33,17.64,17.73,1059100,17.73
2011-07-14,17.82,17.93,17.39,17.49,1193100,17.49
2011-07-15,17.6,17.76,17.18,17.23,1003200,17.23
2011-07-18,17.25,17.29,16.78,17.02,398200,17.02
2011-07-19,17.2,17.43,16.83,17.04,594400,17.04
2011-07-20,17.15,17.2,16.72,16.75,567100,16.75
2011-07-21,16.88,17.24,16.88,17.1,648000,17.1
2011-07-22,17.24,17.3,16.91,16.92,367700,16.92
2011-07-25,16.9,17.25,16.88,17.08,729500,17.08
2011-07-26,17.15,17.57,16.15,16.36,1000400,16.36
2011-07-27,16.34,16.43,15.51,15.62,1089600,15.62
2011-07-28,15.8,16.29,15.51,15.56,607600,15.56
2011-07-29,15.36,15.76,15.11,15.71,442900,15.71
2011-08-01,16.24,16.39,15.35,15.52,647100,15.52
2011-08-02,16.29,16.57,15.77,16.05,1166000,16.05
2011-08-03,16.03,16.26,15.61,16.04,804400,16.04
2011-08-04,15.97,16,14.83,14.83,1141900,14.83
2011-08-05,15.49,15.49,14.66,15.25,1399800,15.25
2011-08-08,14.85,14.98,13.75,13.98,1286300,13.98
2011-08-09,14.25,14.97,13.7,14.92,1082400,14.92
2011-08-10,14.87,14.89,14.08,14.15,796800,14.15
2011-08-11,14.33,15.74,14.3,15.42,767400,15.42
2011-08-12,15.98,16.02,14.97,15.07,404700,15.07
2011-08-15,15.13,15.77,15.13,15.74,456800,15.74
2011-08-16,15.6,15.71,15.25,15.41,326300,15.41
2011-08-17,15.46,15.58,14.93,15.32,240000,15.32
2011-08-18,14.82,14.9,14.18,14.33,607400,14.33
2011-08-19,14.25,14.92,13.95,14.15,533100,14.15
2011-08-22,14.49,14.64,14.11,14.36,302500,14.36
2011-08-23,14.4,14.85,14.21,14.85,320100,14.85
2011-08-24,14.62,15.15,14.46,14.81,304700,14.81
2011-08-25,14.91,15,14.26,14.27,327600,14.27
2011-08-26,14.17,14.73,14,14.62,273600,14.62
2011-08-29,14.83,15.39,14.83,15.39,253300,15.39
2011-08-30,15.23,15.78,15.23,15.59,268000,15.59
2011-08-31,15.63,15.83,14.93,15.14,348500,15.14
2011-09-01,15.17,15.35,14.97,15.02,557100,15.02
2011-09-02,14.59,14.86,13.7,13.87,598300,13.87
2011-09-06,13.47,14,13.43,13.94,342100,13.94
2011-09-07,14.15,15.26,14.07,14.98,531900,14.98
2011-09-08,14.9,15.39,14.55,14.64,259800,14.64
2011-09-09,14.51,14.65,14.05,14.29,250700,14.29
2011-09-12,14.07,15.07,14,15.07,334700,15.07
2011-09-13,15.17,15.55,14.99,15.37,355700,15.37
2011-09-14,15.56,15.79,15.21,15.6,245200,15.6
2011-09-15,15.76,16.55,15.68,16.46,491600,16.46
2011-09-16,16.48,16.76,16.06,16.6,1258300,16.6
2011-09-19,16.34,16.63,15.66,15.96,368200,15.96
2011-09-20,16.18,16.68,15.73,15.95,398200,15.95
2011-09-21,15.97,16.26,15.4,15.43,207000,15.43
2011-09-22,14.8,15.35,14.6,14.95,514700,14.95
2011-09-23,14.95,15.74,14.95,15.49,588900,15.49
2011-09-26,15.82,16.35,15.63,16.29,428300,16.29
2011-09-27,16.84,16.84,15.86,16.01,506000,16.01
2011-09-28,16,16.16,15.49,15.54,199400,15.54
2011-09-29,15.91,16.04,14.92,15.62,411300,15.62
2011-09-30,15.15,16.14,15.08,15.1,635100,15.1
2011-10-03,14.97,15.11,14.38,14.44,533600,14.44
2011-10-04,14.24,15.02,13.82,14.96,989300,14.96
2011-10-05,14.95,15.21,14.68,15.12,564600,15.12
2011-10-06,15.03,15.64,14.96,15.44,459000,15.44
2011-10-07,15.54,16.12,15.48,15.51,479000,15.51
2011-10-10,15.86,16.44,15.79,16.31,323200,16.31
2011-10-11,16.24,16.98,16.11,16.8,364400,16.8
2011-10-12,16.89,17.45,16.82,17,426800,17
2011-10-13,16.89,16.93,16.16,16.45,374600,16.45
2011-10-14,16.65,16.86,16.34,16.67,429300,16.67
2011-10-17,16.5,16.69,16.29,16.38,281300,16.38
2011-10-18,16.4,16.98,16.18,16.8,439900,16.8
2011-10-19,16.77,17.05,16.44,16.69,395400,16.69
2011-10-20,16.73,16.75,16.05,16.38,449300,16.38
2011-10-21,16.69,16.85,16.52,16.85,445700,16.85
2011-10-24,16.87,17.47,16.69,17.14,645300,17.14
2011-10-25,17.02,17.04,16.23,16.52,417300,16.52
2011-10-26,16.8,16.82,16.14,16.68,381000,16.68
2011-10-27,17.13,17.49,15.16,15.61,1294900,15.61
2011-10-28,15.09,15.75,15.01,15.33,523300,15.33
2011-10-31,15.14,15.29,14.96,14.97,496200,14.97
2011-11-01,14.5,14.9,14.24,14.73,887600,14.73
2011-11-02,15,15.48,14.87,15.35,483800,15.35
2011-11-03,15.59,15.69,14.91,15.61,558600,15.61
2011-11-04,15.46,16.14,15.35,16.02,738700,16.02
2011-11-07,16.82,17.05,16.47,16.66,775000,16.66
2011-11-08,16.79,17.61,16.65,17.51,912600,17.51
2011-11-09,17.1,17.58,16.94,17.09,522900,17.09
2011-11-10,17.27,17.34,16.91,17.09,326700,17.09
2011-11-11,17.33,17.65,17.18,17.22,461300,17.22
2011-11-14,17.2,17.26,16.78,16.92,527900,16.92
2011-11-15,17.14,17.23,16.86,16.98,397500,16.98
2011-11-16,16.83,17.25,16.83,16.9,239800,16.9
2011-11-17,16.86,17.2,16.63,16.75,257200,16.75
2011-11-18,16.79,17,16.61,16.86,393900,16.86
2011-11-21,16.6,16.6,15.61,15.85,498700,15.85
2011-11-22,15.8,16.05,15.4,15.45,229300,15.45
2011-11-23,15.34,15.56,15.22,15.29,274700,15.29
2011-11-25,15.26,15.71,15.25,15.26,131700,15.26
2011-11-28,15.82,15.98,15.7,15.83,433800,15.83
2011-11-29,15.85,16.09,15.31,15.96,725400,15.96
2011-11-30,16.53,16.94,16.11,16.94,381800,16.94
2011-12-01,16.93,17.05,16.5,16.76,272700,16.76
2011-12-02,16.9,17.18,16.84,17,375500,17
2011-12-05,17.31,17.9,17.02,17.47,553500,17.47
2011-12-06,17.51,17.59,17.16,17.17,319100,17.17
2011-12-07,17.17,17.54,17.07,17.34,281200,17.34
2011-12-08,17.22,17.4,16.44,16.56,425700,16.56
2011-12-09,16.73,17.39,16.7,17.09,466900,17.09
2011-12-12,16.99,17.06,16.51,17.03,341000,17.03
2011-12-13,17.13,17.38,16.39,16.43,272700,16.43
2011-12-14,16.41,16.52,15.82,15.84,330300,15.84
2011-12-15,16.01,16.33,15.93,16.07,276200,16.07
2011-12-16,16.18,16.33,15.59,15.68,1350000,15.68
2011-12-19,15.73,16.14,15.51,15.61,343500,15.61
2011-12-20,16.04,17.25,16.04,17.19,492100,17.19
2011-12-21,17.19,17.61,16.94,17.52,265500,17.52
2011-12-22,17.57,17.71,17.47,17.64,268600,17.64
2011-12-23,17.71,17.9,17.6,17.67,167200,17.67
2011-12-27,17.58,17.58,17.19,17.36,147500,17.36
2011-12-28,17.37,17.47,17.07,17.16,160600,17.16
2011-12-29,17.25,17.84,17.25,17.8,242300,17.8
2011-12-30,17.67,18,17.62,17.66,226900,17.66
2012-01-03,17.88,18.1,17.32,17.38,490500,17.38
2012-01-04,17.34,18.13,17.22,17.98,286400,17.98
2012-01-05,17.95,18.68,17.58,18.21,276300,18.21
2012-01-06,18.16,18.81,18.02,18.54,256300,18.54
2012-01-09,18.61,18.8,18.42,18.67,209900,18.67
2012-01-10,18.95,18.97,18.54,18.78,183500,18.78
2012-01-11,18.8,19,18.55,18.79,266700,18.79
2012-01-12,18.86,19.2,18.74,19.17,253100,19.17
2012-01-13,18.94,19.07,18.62,18.87,226300,18.87
2012-01-17,19.1,20.32,19.06,19.94,694300,19.94
2012-01-18,19.9,20.65,19.6,20.57,553200,20.57
2012-01-19,20.59,21.13,20.17,20.31,583000,20.31
2012-01-20,20.26,20.57,19.97,20.42,233900,20.42
2012-01-23,20.4,20.55,20.28,20.51,248000,20.51
2012-01-24,20.46,21.51,20.27,21.36,293400,21.36
2012-01-25,21.35,21.87,20.81,21.84,529200,21.84
2012-01-26,21.93,22.2,21.61,21.87,340400,21.87
2012-01-27,21.87,21.96,21.52,21.88,311300,21.88
2012-01-30,21.66,21.87,21.27,21.7,281600,21.7
2012-01-31,21.82,21.89,21.18,21.36,333300,21.36
2012-02-01,21.5,21.99,21.38,21.9,268700,21.9
2012-02-02,22,22.23,21.98,22.14,256800,22.14
2012-02-03,22.39,22.85,22.28,22.38,427900,22.38
2012-02-06,22.35,22.64,22.25,22.44,174000,22.44
2012-02-07,22.4,22.68,22.25,22.55,201300,22.55
2012-02-08,22.53,22.69,21.85,22.2,320300,22.2
2012-02-09,22.29,22.65,22.24,22.5,280600,22.5
2012-02-10,22.3,22.3,21.91,22.1,263300,22.1
2012-02-13,22.35,22.45,22.03,22.15,262500,22.15
2012-02-14,21.2,21.44,20.12,21.16,1017200,21.16
2012-02-15,21.2,21.33,20.8,20.88,393700,20.88
2012-02-16,20.85,21.79,20.81,21.46,609900,21.46
2012-02-17,21.57,22.08,21.57,21.7,323100,21.7
2012-02-21,21.93,22.16,21.37,21.53,428700,21.53
2012-02-22,20.06,20.39,18.65,19.17,2513600,19.17
2012-02-23,20.03,20.69,19.61,20.56,1282500,20.56
2012-02-24,20.58,21.28,20.58,21.07,994500,21.07
2012-02-27,20.88,21.6,20.8,21.4,774100,21.4
2012-02-28,21.52,22.41,21.52,21.89,1154000,21.89
2012-02-29,22.02,22.39,21.66,21.89,696900,21.89
2012-03-01,22.22,22.54,21.99,22.16,791900,22.16
2012-03-02,22.13,22.64,21.79,21.84,401600,21.84
2012-03-05,21.8,22.38,21.8,22.3,632000,22.3
2012-03-06,22,22.12,21.89,21.92,448100,21.92
2012-03-07,21.99,23.56,21.92,23.06,1067200,23.06
2012-03-08,23.24,23.49,23,23.46,324200,23.46
2012-03-09,23.45,24.23,23.14,24.01,622900,24.01
2012-03-12,24,24.25,23.63,24.04,416700,24.04
2012-03-13,24.2,24.33,23.71,24.33,352400,24.33
2012-03-14,24.23,24.31,23.81,23.97,241000,23.97
2012-03-15,23.91,24.42,23.6,24.41,250600,24.41
2012-03-16,24.48,24.48,23.77,23.96,469800,23.96
2012-03-19,23.91,24.45,23.6,24.33,212400,24.33
2012-03-20,24.24,24.65,24,24.43,280300,24.43
2012-03-21,24.44,24.75,24.14,24.2,447100,24.2
2012-03-22,23.92,24.57,23.92,24.35,477200,24.35
2012-03-23,24.28,24.42,23.55,24.3,714800,24.3
2012-03-26,24.37,25.26,24.16,25,364300,25
2012-03-27,25.05,25.5,25.05,25.16,322000,25.16
2012-03-28,25.15,25.25,24.72,25.17,202400,25.17
2012-03-29,24.92,25.19,24.73,25.1,172900,25.1
2012-03-30,25.27,25.27,24.93,25.11,226900,25.11
2012-04-02,24.46,24.84,24.1,24.84,558500,24.84
2012-04-03,24.83,25.19,24.78,24.94,296800,24.94
2012-04-04,24.65,24.83,24.38,24.74,344300,24.74
2012-04-05,24.59,25.12,24.51,25.01,350100,25.01
2012-04-09,24.52,24.87,24.36,24.73,366000,24.73
2012-04-10,24.72,24.94,23.39,23.62,1203600,23.62
2012-04-11,23.89,24.29,23.88,24,551500,24
2012-04-12,24.03,24.46,23.91,24.18,439400,24.18
2012-04-13,23.99,24.3,23.9,24.07,502600,24.07
2012-04-16,24.27,24.51,23.64,23.95,1118600,23.95
2012-04-17,24.23,25.71,24.04,25.64,1288900,25.64
2012-04-18,25.54,25.74,25.35,25.55,346200,25.55
2012-04-19,25.62,25.64,24.78,25.11,444600,25.11
2012-04-20,24.71,24.71,23.33,23.93,1095700,23.93
2012-04-23,23.59,23.93,23.45,23.58,609300,23.58
2012-04-24,23.55,23.93,23.06,23.47,746700,23.47
2012-04-25,25.72,25.99,24.32,25.03,1611500,25.03
2012-04-26,25.29,27.48,25.29,27.48,1740900,27.48
2012-04-27,27.45,28.84,27.32,28.8,1376800,28.8
2012-04-30,28.76,29.07,28.43,28.93,1146500,28.93
2012-05-01,28.84,29.49,28.81,29.17,1061300,29.17
2012-05-02,29.06,29.35,28.66,29.2,947000,29.2
2012-05-03,29.09,29.19,27.91,28.33,575000,28.33
2012-05-04,28.1,28.57,27.78,28.03,598200,28.03
2012-05-07,28.05,28.8,28.04,28.13,521000,28.13
2012-05-08,27.9,28.21,26.9,28.16,694300,28.16
2012-05-09,28.18,28.8,27.46,28.54,546200,28.54
2012-05-10,28.8,29,28.57,28.75,463400,28.75
2012-05-11,28.38,29.15,28.33,28.91,367300,28.91
2012-05-14,28.56,28.83,27.85,27.88,374300,27.88
2012-05-15,27.77,29.34,27.57,28.61,468400,28.61
2012-05-16,29.2,30.12,29.08,29.55,826800,29.55
2012-05-17,29.44,29.55,27.81,28.16,484500,28.16
2012-05-18,28.17,28.44,27.52,28.04,472600,28.04
2012-05-21,28.04,28.54,27.37,28.27,411700,28.27
2012-05-22,28.34,29.13,28.34,28.6,246300,28.6
2012-05-23,28.42,29.1,27.64,28.98,502000,28.98
2012-05-24,29.08,29.78,28.85,29.48,426900,29.48
2012-05-25,29.52,29.98,29.46,29.84,345600,29.84
2012-05-29,30,30.5,29.68,29.98,567200,29.98
2012-05-30,29.64,29.67,29,29.4,270000,29.4
2012-05-31,29.33,29.44,28.41,29.09,486500,29.09
2012-06-01,28.09,28.62,27.5,27.58,617100,27.58
2012-06-04,27.6,27.84,26.52,27.81,808500,27.81
2012-06-05,27.62,28.41,27.57,28.14,466000,28.14
2012-06-06,28.53,30.07,28.53,29.13,682500,29.13
2012-06-07,29.47,30.08,29.21,29.47,478900,29.47
2012-06-08,29.39,30.58,29.01,30.26,543200,30.26
2012-06-11,30.71,30.71,29.51,29.53,365100,29.53
2012-06-12,29.99,30.81,29.85,30.51,617400,30.51
2012-06-13,30.39,30.71,29.64,29.82,512100,29.82
2012-06-14,29.81,30.52,29.55,30.42,599400,30.42
2012-06-15,30.43,30.6,29.99,30.42,1482800,30.42
2012-06-18,30.19,31.71,30,31.62,574900,31.62
2012-06-19,31.77,33.38,31.76,33.1,827200,33.1
2012-06-20,32.89,33.69,32.63,33.33,579400,33.33
2012-06-21,33.4,33.47,31.12,31.24,768900,31.24
2012-06-22,31.44,31.6,30.75,31.15,998800,31.15
2012-06-25,30.6,31.41,30.1,31.17,381500,31.17
2012-06-26,31.26,32.53,30.81,32.13,533700,32.13
2012-06-27,32.32,32.82,31.95,32.82,427500,32.82
2012-06-28,32.41,32.87,31.83,32.35,528900,32.35
2012-06-29,33.07,34.25,32.82,33.79,562100,33.79
2012-07-02,33.01,34.56,33.01,34.42,1105600,34.42
2012-07-03,33.63,34,32.66,32.86,542700,32.86
2012-07-05,32.76,33.63,32.69,32.87,373300,32.87
2012-07-06,32.38,32.57,31.89,32.49,532600,32.49
2012-07-09,32.51,32.98,32.18,32.58,385700,32.58
2012-07-10,32.85,33.23,32.67,32.8,353400,32.8
2012-07-11,32.79,32.85,32.16,32.54,471200,32.54
2012-07-12,32.24,33.33,32.1,33.2,497300,33.2
2012-07-13,33.25,34.71,33.25,33.74,517000,33.74
2012-07-16,33.59,34.65,33.15,33.95,469800,33.95
2012-07-17,33.96,34.21,33.29,33.46,784800,33.46
2012-07-18,33.39,34.15,33.17,33.7,503100,33.7
2012-07-19,33.82,34.36,33.02,34.1,494000,34.1
2012-07-20,33.74,34.38,33.66,34.11,363300,34.11
2012-07-23,33.38,34.08,32.62,33.64,400900,33.64
2012-07-24,33.72,33.72,32.4,32.58,936200,32.58
2012-07-25,36.54,42.06,36.35,41.31,4710900,41.31
2012-07-26,42.12,43.51,41.3,42.55,2017900,42.55
2012-07-27,42.86,44.73,42.5,44.09,820000,44.09
2012-07-30,43.96,43.96,42.48,43.49,816000,43.49
2012-07-31,43.4,43.4,42.22,42.29,822500,42.29
2012-08-01,42.85,43,41.76,41.94,840400,41.94
2012-08-02,41.79,42.52,41.62,42.13,827100,42.13
2012-08-03,42.02,43,41.87,42.27,701400,42.27
2012-08-06,42.15,42.95,42,42.04,400600,42.04
2012-08-07,42.51,43.56,42.04,43.13,373900,43.13
2012-08-08,42.95,43.49,42.37,43.04,240900,43.04
2012-08-09,42.94,44.55,42.8,44.34,442100,44.34
2012-08-10,44.01,44.1,43.14,43.81,371700,43.81
2012-08-13,43.68,44.09,42.92,43.83,332000,43.83
2012-08-14,44.27,44.98,43.33,43.75,572200,43.75
2012-08-15,43.91,45.37,43.91,44.82,699700,44.82
2012-08-16,44.71,45.85,44.37,45.58,467600,45.58
2012-08-17,45.6,47.47,45.42,47.06,595600,47.06
2012-08-20,46.8,47.28,45.86,46.1,504900,46.1
2012-08-21,46.2,46.34,44.9,45.51,462700,45.51
2012-08-22,45.55,45.64,44.62,44.84,547800,44.84
2012-08-23,44.82,44.84,44.35,44.51,495300,44.51
2012-08-24,44.32,45.97,44.28,45.8,554100,45.8
2012-08-27,46.06,46.63,45.88,46.53,384300,46.53
2012-08-28,46.32,46.7,46.05,46.41,397900,46.41
2012-08-29,46.59,47.29,46.26,47.26,554700,47.26
2012-08-30,46.98,47.08,46.77,46.91,364500,46.91
2012-08-31,47.26,47.46,46.41,46.66,298000,46.66
2012-09-04,46.66,49.26,46.66,48.73,679600,48.73
2012-09-05,48.7,49.46,48.48,48.81,543900,48.81
2012-09-06,48.8,49.43,48.16,49.17,471300,49.17
2012-09-07,48.96,49.27,48.3,49.09,371200,49.09
2012-09-10,49.05,49.35,48.56,48.86,279900,48.86
2012-09-11,49.08,49.08,48.08,48.13,431500,48.13
2012-09-12,48.41,49.68,48.41,49.6,365600,49.6
2012-09-13,49.58,51.3,48.61,50.74,563500,50.74
2012-09-14,50.99,54,50.95,53.73,969500,53.73
2012-09-17,53.55,53.59,52.17,52.71,616000,52.71
2012-09-18,51.66,51.85,49.91,50.75,821300,50.75
2012-09-19,50.68,52,50.55,51.64,496600,51.64
2012-09-20,51.15,51.95,50.66,51.85,328400,51.85
2012-09-21,52.41,53,52.12,52.98,1674300,52.98
2012-09-24,53,53.17,50.96,51.84,582700,51.84
2012-09-25,52.2,52.57,50.75,50.88,550900,50.88
2012-09-26,50.9,51.5,49.08,50.45,625400,50.45
2012-09-27,50.58,50.99,50.19,50.54,509000,50.54
2012-09-28,50.46,51.21,50.19,50.68,313400,50.68
2012-10-01,51.18,51.74,50.78,51.2,469200,51.2
2012-10-02,48.71,49.67,47.31,48.51,2587900,48.51
2012-10-03,48.93,49.93,48.24,49.8,788000,49.8
2012-10-04,50.19,50.94,49.98,50.74,542400,50.74
2012-10-05,51,51.91,50.57,50.72,429900,50.72
2012-10-08,50.5,51.86,50.5,51.48,540400,51.48
2012-10-09,51.47,51.47,49.02,49.47,611300,49.47
2012-10-10,49.53,50.25,49.06,49.14,363200,49.14
2012-10-11,49.62,50,48.58,48.76,340400,48.76
2012-10-12,48.89,49,47.89,48.14,320200,48.14
2012-10-15,48.31,50.3,48.3,50.1,688300,50.1
2012-10-16,50.3,51.8,50.3,51.31,380000,51.31
2012-10-17,51.53,53.1,51.26,51.63,332300,51.63
2012-10-18,51.43,51.94,50.69,51.28,284800,51.28
2012-10-19,51.02,51.24,50.21,50.83,379300,50.83
2012-10-22,50.66,50.79,49.22,50.43,588100,50.43
2012-10-23,49.81,50.57,48.63,50.14,498500,50.14
2012-10-24,56.81,58.8,55.55,55.81,2917800,55.81
2012-10-25,56.83,56.99,53.39,53.75,1066800,53.75
2012-10-26,53.5,54.84,52.5,53.17,509700,53.17
2012-10-31,55.41,57.27,54.41,55.82,826800,55.82
2012-11-01,56.14,57.62,56.09,57.59,684100,57.59
2012-11-02,57.84,58.5,55.78,56.09,1091400,56.09
2012-11-05,56,57.16,55.17,56.54,335900,56.54
2012-11-06,56.63,57.67,56.63,57.47,490000,57.47
2012-11-07,57.09,58.44,57,58.04,1000200,58.04
2012-11-08,58,58.29,55.9,56.11,573900,56.11
2012-11-09,55.66,55.75,54.56,55.21,599500,55.21
2012-11-12,55.59,56.02,54.75,55.12,219400,55.12
2012-11-13,52.6,54.71,51.71,53.9,954500,53.9
2012-11-14,54.56,56.11,52.68,53,775600,53
2012-11-15,52.77,53.07,50.63,50.95,1016800,50.95
2012-11-16,51.45,54.24,50.89,53.69,795600,53.69
2012-11-19,54.59,55.71,54.06,54.34,587800,54.34
2012-11-20,54.43,55.45,54.03,54.57,337900,54.57
2012-11-21,54.67,55,53.72,54.65,209900,54.65
2012-11-23,54.97,55.04,54.47,54.77,129300,54.77
2012-11-26,54.66,55,53.19,54.32,560400,54.32
2012-11-27,54.37,55.5,53.85,54.14,253500,54.14
2012-11-28,54.03,54.77,52.9,53.36,758900,53.36
2012-11-29,53.36,53.99,52.95,53.86,358700,53.86
2012-11-30,54.06,54.36,53.03,53.68,419500,53.68
2012-12-03,53.74,54.53,53.1,53.16,360300,53.16
2012-12-04,53.42,53.84,52.23,52.6,483800,52.6
2012-12-05,52.65,52.65,50.23,51.53,676600,51.53
2012-12-06,51.41,52.25,50.66,51.8,449200,51.8
2012-12-07,52.04,52.19,50.57,51.11,309600,51.11
2012-12-10,51.12,51.62,50.2,50.31,366800,50.31
2012-12-11,50.5,50.5,48.6,49,729000,49
2012-12-12,49.18,50.4,48.91,49.41,416900,49.41
2012-12-13,49.4,50.11,49.32,49.56,306800,49.56
2012-12-14,49.34,49.64,48.93,48.95,401000,48.95
2012-12-17,48.89,51.08,48.76,51.08,787500,51.08
2012-12-18,51.27,52.24,51.15,51.68,470600,51.68
2012-12-19,51.56,51.85,50.77,51.01,458400,51.01
2012-12-20,50.9,51.67,50.54,51.67,435400,51.67
2012-12-21,51.25,51.46,50.6,51.46,601700,51.46
2012-12-24,51.34,52.14,51.23,51.31,181400,51.31
2012-12-26,51.42,52.46,51.01,51.33,459600,51.33
2012-12-27,51.25,51.61,49.73,50.78,406400,50.78
2012-12-28,50.42,52.23,50.24,51.57,443900,51.57
2012-12-31,51.46,52.9,51.35,52.83,367700,52.83
2013-01-02,54.46,55.2,53.05,53.55,610700,53.55
2013-01-03,53.76,53.87,52.72,53,319600,53
2013-01-04,53.09,53.75,52.84,53.49,215800,53.49
2013-01-07,53.33,53.59,52.56,53.05,210500,53.05
2013-01-08,53.22,54.89,52.78,54.76,459200,54.76
2013-01-09,55,56.36,55,55.17,652200,55.17
2013-01-10,55.54,56.57,54.92,56.27,464200,56.27
2013-01-11,56.2,57.24,56.11,56.82,514100,56.82
2013-01-14,56.69,56.82,55.13,55.33,450700,55.33
2013-01-15,55.11,55.39,54.55,55.2,426100,55.2
2013-01-16,55.08,55.1,53.97,54.4,454000,54.4
2013-01-17,54.79,56.47,54.15,56.44,568900,56.44
2013-01-18,56.5,57.39,55.79,56.08,642900,56.08
2013-01-22,56.32,56.55,55.35,56.37,376200,56.37
2013-01-23,56.48,56.7,55.21,56.26,478100,56.26
2013-01-24,56.26,59.48,56,57.48,1024400,57.48
2013-01-25,57.92,58.79,57.75,58.6,994400,58.6
2013-01-28,58.44,60,57.9,58.24,806300,58.24
2013-01-29,58.15,58.61,57.91,58.59,334200,58.59
2013-01-30,58.67,60.23,58.6,59.71,967400,59.71
2013-01-31,59.86,60.41,58.91,59.18,485500,59.18
2013-02-01,59.68,60.4,58.77,58.94,586600,58.94
2013-02-04,58.8,59.2,57.11,57.35,647800,57.35
2013-02-05,57.91,59.55,57.63,59.47,484900,59.47
2013-02-06,59.15,59.4,58.58,58.86,315800,58.86
2013-02-07,58.91,60.46,58.91,59.94,418500,59.94
2013-02-08,59.95,61.15,59.95,60.54,333500,60.54
2013-02-11,60.54,61.32,60.37,61.12,533800,61.12
2013-02-12,61.36,62.29,61.2,62.25,376400,62.25
2013-02-13,62.25,63.08,62.17,62.94,592700,62.94
2013-02-14,62.7,64.49,62.46,63.96,864400,63.96
2013-02-15,64.06,64.64,62.05,62.19,815100,62.19
2013-02-19,62.47,62.77,60.35,62.43,1116800,62.43
2013-02-20,64.05,65.48,62.55,62.56,1649900,62.56
2013-02-21,63,63.01,56.67,58.84,1887400,58.84
2013-02-22,59.09,59.57,58.22,58.67,757500,58.67
2013-02-25,58.89,59,54.61,54.75,1138600,54.75
2013-02-26,55,57.99,53.73,57.75,1553500,57.75
2013-02-27,57.25,59.64,57.1,59.24,661500,59.24
2013-02-28,59.25,60.36,58.63,59.19,526100,59.19
2013-03-01,58.79,60.94,58.28,60.7,553700,60.7
2013-03-04,60.1,63.94,60.1,63.38,1410300,63.38
2013-03-05,63.74,64.53,62.52,63.98,843000,63.98
2013-03-06,64.42,66.47,64.42,64.62,926400,64.62
2013-03-07,64.51,64.77,63.31,64.45,588000,64.45
2013-03-08,65.22,66.87,64.3,66.53,967500,66.53
2013-03-11,66.54,67.39,66.1,67.25,562900,67.25
2013-03-12,67.3,68.28,67.03,67.28,742300,67.28
2013-03-13,67.53,68.22,66.6,67.28,519800,67.28
2013-03-14,67.39,67.93,67.01,67.56,349400,67.56
2013-03-15,67.28,67.8,66.38,66.85,1067100,66.85
2013-03-18,66,67.43,65.06,66.55,512800,66.55
2013-03-19,67.08,67.29,65.7,66.46,340600,66.46
2013-03-20,66.89,68.27,66.55,68.02,462600,68.02
2013-03-21,67.43,67.87,65.31,66.17,432200,66.17
2013-03-22,66.4,67.35,66.36,66.95,326100,66.95
2013-03-25,67.51,70.65,67.32,68.97,1301100,68.97
2013-03-26,70.12,71.72,69.46,69.78,991000,69.78
2013-03-27,69.36,70.52,69.15,69.47,472000,69.47
2013-03-28,69.46,70.68,69.46,70.22,373900,70.22
2013-04-01,70.25,71.08,68.51,68.63,581600,68.63
2013-04-02,68.92,70.25,68.76,69.42,409900,69.42
2013-04-03,69.36,69.62,65.8,66.74,862500,66.74
2013-04-04,66.74,68.11,66.01,67.74,427000,67.74
2013-04-05,66.12,68.15,63.88,68.05,631500,68.05
2013-04-08,68.1,69.1,67.21,69.05,338400,69.05
2013-04-09,69.38,69.38,67.6,68.1,194800,68.1
2013-04-10,68.29,69.27,67.51,69.06,317900,69.06
2013-04-11,69.4,70.58,68.82,68.97,366500,68.97
2013-04-12,68.71,69.57,67.67,68.24,277600,68.24
2013-04-15,67.69,68.4,64.56,65.01,555000,65.01
2013-04-16,65.78,67.23,65.63,66.87,433300,66.87
2013-04-17,66.06,67.8,64.08,66.47,637600,66.47
2013-04-18,66.54,67.13,64.92,65.86,648000,65.86
2013-04-19,66.19,68.18,65.58,67.37,468100,67.37
2013-04-22,67.39,69.42,66.54,69.15,680300,69.15
2013-04-23,69.93,70.85,69.64,70.49,880500,70.49
2013-04-24,75.88,80.7,74.7,78.68,3053800,78.68
2013-04-25,79.78,82.25,79.59,81.37,1360400,81.37
2013-04-26,81.29,83.12,80.61,82.63,800300,82.63
2013-04-29,82.21,83.56,81.73,82.27,782200,82.27
2013-04-30,81.91,82.75,81.7,81.96,647900,81.96
2013-05-01,81.91,81.96,79.47,79.69,1403500,79.69
2013-05-02,79.88,81.12,79.75,80.49,776300,80.49
2013-05-03,81.6,82.68,81.15,81.9,588800,81.9
2013-05-06,81.9,83.91,81.75,83.9,980900,83.9
2013-05-07,84.35,84.74,82.77,84.2,607400,84.2
2013-05-08,84.25,84.61,82.51,84.55,432400,84.55
2013-05-09,84.25,85.98,84.05,85.22,500300,85.22
2013-05-10,85.65,89.34,85.12,88.98,829700,88.98
2013-05-13,88.62,89.99,88.01,89.28,747500,89.28
2013-05-14,89.68,90.92,89.39,89.79,574600,89.79
2013-05-15,89.63,90.51,88.77,89.11,630800,89.11
2013-05-16,88.88,89.62,87.05,87.5,602900,87.5
2013-05-17,87.97,89.94,87.8,89.91,553100,89.91
2013-05-20,89.9,90.48,88.22,88.67,644600,88.67
2013-05-21,88.7,89.47,87.06,89.05,508000,89.05
2013-05-22,88.89,90.64,87.24,88.01,653200,88.01
2013-05-23,86.84,86.92,80.65,86.03,950400,86.03
2013-05-24,85.91,87.54,85.26,87.4,346500,87.4
2013-05-28,88.91,89.36,85.61,86.74,702700,86.74
2013-05-29,86.31,86.54,82.8,83.87,641100,83.87
2013-05-30,83.76,84.85,82,82.31,620300,82.31
2013-05-31,81.56,83.25,81.38,82.11,701400,82.11
2013-06-03,82.22,82.55,77.89,80.96,989100,80.96
2013-06-04,80.83,82.37,78.13,78.51,708100,78.51
2013-06-05,78.14,79.9,76.62,77.05,798100,77.05
2013-06-06,76.86,81.86,76.41,81.81,756200,81.81
2013-06-07,82.53,84.21,82.01,83.4,770800,83.4
2013-06-10,83.5,84.39,82.13,83.37,434700,83.37
2013-06-11,82.14,83.37,81.1,82.11,399700,82.11
2013-06-12,82.46,83.75,81.62,81.94,580400,81.94
2013-06-13,81.69,85.96,81.69,85.28,696000,85.28
2013-06-14,85.42,86.79,84.61,85.78,501200,85.78
2013-06-17,86.51,89.24,86.51,87.38,887600,87.38
2013-06-18,87.61,88.68,86.81,88.4,441000,88.4
2013-06-19,88.4,88.4,86.02,86.03,672600,86.03
2013-06-20,84.36,84.5,80.71,82.16,1863800,82.16
2013-06-21,82.5,82.55,74.3,76.63,3494000,76.63
2013-06-24,73.2,77.59,71.63,76.33,1742000,76.33
2013-06-25,76.35,78.48,76.1,77.49,685700,77.49
2013-06-26,78.31,79.45,77.91,78.19,585200,78.19
2013-06-27,78.89,81.14,78.61,80.13,605700,80.13
2013-06-28,80,80.22,77.78,77.87,686800,77.87
2013-07-01,77.88,80.25,77.88,79.13,550100,79.13
2013-07-02,79.12,80.84,78.23,78.51,443000,78.51
2013-07-03,78.1,81,78,80.38,364700,80.38
2013-07-05,81.45,81.83,79.52,81.5,349900,81.5
2013-07-08,82,83.68,81.81,82.54,426300,82.54
2013-07-09,83.07,85.76,82.68,85.14,745900,85.14
2013-07-10,84.79,85.49,82.26,83.76,540700,83.76
2013-07-11,84.62,86.24,84.41,84.82,543300,84.82
2013-07-12,84.8,86.95,84.8,86.65,321800,86.65
2013-07-15,87.52,88.05,85.89,86.3,615000,86.3
2013-07-16,86.1,87,84.3,85.27,700000,85.27
2013-07-17,85.33,86.03,84.03,85.87,553700,85.87
2013-07-18,85.83,87.33,85.13,87.05,788000,87.05
2013-07-19,86.9,88.26,86.13,88.11,572600,88.11
2013-07-22,88.41,88.9,86.69,87.3,460000,87.3
2013-07-23,87.79,88.13,85.02,86.61,831600,86.61
2013-07-24,93.3,96,91.53,92.61,1982600,92.61
2013-07-25,91.89,92.66,90.31,92.58,750800,92.58
2013-07-26,91.68,93.98,91.64,93.54,419600,93.54
2013-07-29,93.51,94,92.26,93.68,474600,93.68
2013-07-30,94.06,95.99,93.24,95.41,544000,95.41
2013-07-31,95.37,98.08,95.36,96.82,677900,96.82
2013-08-01,97.25,98.41,94.67,95.08,637600,95.08
2013-08-02,94.81,97.09,94.12,96.45,414200,96.45
2013-08-05,96.44,96.66,95.02,96.36,290800,96.36
2013-08-06,96.18,96.55,93.57,94.8,408600,94.8
2013-08-07,93.96,94.15,91.2,92.89,479500,92.89
2013-08-08,93.63,94.61,92.89,93.29,535300,93.29
2013-08-09,93.03,94.84,92.55,93.69,558200,93.69
2013-08-12,92.66,95.91,92.62,95.85,354400,95.85
2013-08-13,95.85,97.4,93.54,97.03,674200,97.03
2013-08-14,96.83,97.68,96.12,97.43,486300,97.43
2013-08-15,96.5,96.5,94.01,94.66,469200,94.66
2013-08-16,94,97.23,94,95.88,534800,95.88
2013-08-19,96.48,98.83,95.39,96.15,685100,96.15
2013-08-20,96.73,99.52,95.42,99.5,752900,99.5
2013-08-21,98.78,101.74,98.56,99.8,796100,99.8
2013-08-22,100.29,103.12,99.98,102.68,601100,102.68
2013-08-23,102.78,103.32,98.75,99.53,507400,99.53
2013-08-26,100,101.23,99.19,100.02,326200,100.02
2013-08-27,99.24,99.24,96.43,97.01,506200,97.01
2013-08-28,96.75,99.79,96.15,99.11,402200,99.11
2013-08-29,98.67,103,98.26,101.55,359000,101.55
2013-08-30,101.65,101.65,99.1,99.42,213700,99.42
2013-09-03,100.54,100.91,98.16,99.01,353500,99.01
2013-09-04,99.16,101.05,98.3,99.56,318500,99.56
2013-09-05,99.31,101.05,99.2,99.53,301300,99.53
2013-09-06,100.99,101.62,98.46,99.61,353700,99.61
2013-09-09,100.36,104,100.36,103.03,475500,103.03
2013-09-10,104.02,108.45,103.11,107.46,1005600,107.46
2013-09-11,107.59,109.3,107.43,108.8,596700,108.8
2013-09-12,108.51,110.45,107.24,107.45,421000,107.45
2013-09-13,107.84,108.39,106.13,107.43,260100,107.43
2013-09-16,110.23,111,108.37,108.62,458600,108.62
2013-09-17,108.42,110.26,108.13,110.23,256000,110.23
2013-09-18,110.15,113.63,108.03,112.81,420000,112.81
2013-09-19,113.03,115.59,112.25,113.13,531200,113.13
2013-09-20,113.83,114.11,112.37,113.11,557000,113.11
2013-09-23,112.64,113,109.51,111.78,334800,111.78
2013-09-24,111.72,112.88,110.14,110.82,366700,110.82
2013-09-25,111,112.2,109.89,110.8,257900,110.8
2013-09-26,111.43,114.13,111.43,112.96,415400,112.96
2013-09-27,100.5,108,98.5,107.13,4273300,107.13
2013-09-30,104.45,108.3,104.01,106.65,820500,106.65
2013-10-01,106.96,109.39,106.66,108.69,435400,108.69
2013-10-02,107.99,107.99,105.57,106.24,406400,106.24
2013-10-03,105.97,106.22,103.02,105.55,495500,105.55
2013-10-04,105.73,108.21,105.46,107.05,354000,107.05
2013-10-07,106.04,107,103.9,104.68,634100,104.68
2013-10-08,104.43,105.5,102.48,102.5,771300,102.5
2013-10-09,102.58,103.79,99.4,102.53,636700,102.53
2013-10-10,103.94,107.44,103.92,107.37,407600,107.37
2013-10-11,107.25,109,106.53,108.67,421800,108.67
2013-10-14,107.56,109.7,107.06,109.41,346400,109.41
2013-10-15,108.76,109.31,106.2,106.46,442400,106.46
2013-10-16,107.2,108.02,105.51,107.43,482900,107.43
2013-10-17,107.1,107.1,105.56,107.09,399500,107.09
2013-10-18,107,107.38,105.48,106.67,464000,106.67
2013-10-21,106.58,109.3,106.55,107.76,505300,107.76
2013-10-22,108.87,108.99,106.33,108.82,744800,108.82
2013-10-23,112.26,116.82,111.76,113.99,1667200,113.99
2013-10-24,113.98,117.8,113.98,115.68,673600,115.68
2013-10-25,116.87,116.99,112.77,114.04,517200,114.04
2013-10-28,114.21,114.94,113.17,113.6,266300,113.6
2013-10-29,114.63,117.11,114.26,117.04,447200,117.04
2013-10-30,117.1,118.04,115,115.28,440900,115.28
2013-10-31,115.04,115.7,113.28,114.19,298600,114.19
2013-11-01,114.35,115,111.36,111.98,436500,111.98
2013-11-04,115.94,116.79,113.49,116.14,465800,116.14
2013-11-05,115.89,116.95,114.66,115.99,378600,115.99
2013-11-06,116.49,116.86,114.2,114.31,290400,114.31
2013-11-07,115.5,115.78,109.32,109.82,551000,109.82
2013-11-08,110,113.65,109.58,113.33,358600,113.33
2013-11-11,113,114.75,112.02,114.68,332100,114.68
2013-11-12,114.54,115.59,113.4,115.3,290000,115.3
2013-11-13,114.29,117.2,114.29,116.9,297900,116.9
2013-11-14,116.9,117,115.06,115.6,235700,115.6
2013-11-15,115.76,119.61,115.61,119.44,594900,119.44
2013-11-18,119.83,119.98,115.51,116.42,332700,116.42
2013-11-19,116.54,118.12,113.23,113.58,541900,113.58
2013-11-20,113.59,115.84,113.35,115.04,403000,115.04
2013-11-21,115.2,118,114.87,115.36,347300,115.36
2013-11-22,115.95,115.95,100.3,101.81,3735600,101.81
2013-11-25,101.75,104.03,97.05,102.97,1775200,102.97
2013-11-26,102.88,104.7,102.88,103.68,737800,103.68
2013-11-27,103.65,103.92,99.25,101.17,991100,101.17
2013-11-29,101.43,101.69,99.28,100.69,522100,100.69
2013-12-02,100.54,100.69,96.12,96.18,793900,96.18
2013-12-03,95.15,97,92.76,96.88,1312600,96.88
2013-12-04,96.73,97.66,95.13,96.41,706300,96.41
2013-12-05,96.5,98.59,95.83,97.56,927600,97.56
2013-12-06,99.04,105.55,99.04,104.2,1672400,104.2
2013-12-09,103.94,104.6,102.8,103.8,806900,103.8
2013-12-10,102.35,103.72,88.18,89.62,5654900,89.62
2013-12-11,89.13,92,85.58,90.91,2669100,90.91
2013-12-12,90.95,92.44,90.1,90.23,865900,90.23
2013-12-13,90.71,90.98,88.36,89.49,731600,89.49
2013-12-16,93.38,95,92.15,94.41,1494500,94.41
2013-12-17,94.06,94.77,92.85,93.82,520900,93.82
2013-12-18,94.22,99.86,93.74,99.5,1620600,99.5
2013-12-19,99.06,102.82,98,102.27,2237400,102.27
2013-12-20,102.28,103.22,99.01,100.89,1509300,100.89
2013-12-23,101.38,102.58,100.51,101.2,592100,101.2
2013-12-24,101.66,102.64,101.03,101.75,252000,101.75
2013-12-26,102.01,102.96,101.21,101.61,360100,101.61
2013-12-27,101.61,102.7,101.06,102,392600,102
2013-12-30,101.6,102.78,101.17,101.83,347400,101.83
2013-12-31,101.78,103.5,100.74,102.89,560700,102.89
2014-01-02,103.14,103.77,101.71,102.9,693600,102.9
2014-01-03,102.92,103.93,102.06,103.07,562100,103.07
2014-01-06,103.22,104.5,102.23,102.57,440900,102.57
2014-01-07,102.67,105.65,102.45,104.64,634300,104.64
2014-01-08,104.35,106.03,103.12,103.92,762300,103.92
2014-01-09,104.7,105.18,101.02,102.08,991600,102.08
2014-01-10,102.08,104.87,101.55,104.32,679400,104.32
2014-01-13,103.63,104.28,101.04,101.35,638600,101.35
2014-01-14,101.35,102.32,100.22,101.71,842300,101.71
2014-01-15,102.35,102.42,100.21,100.35,512900,100.35
2014-01-16,99.83,100.92,98.75,100.14,942100,100.14
2014-01-17,100.14,100.78,99.59,100.05,692300,100.05
2014-01-21,99.96,101,98.22,99.55,752100,99.55
2014-01-22,99.6,100.43,98.62,99.58,459300,99.58
2014-01-23,98.68,99.5,97.26,98.99,631800,98.99
2014-01-24,97.5,98.82,94.54,95.03,1329700,95.03
2014-01-27,95.1,95.47,90.86,92.31,1167400,92.31
2014-01-28,92.2,93.68,91.68,91.7,1491200,91.7
2014-01-29,90.75,91.52,88.52,88.74,1285800,88.74
2014-01-30,90.29,91.55,89.07,90.28,937200,90.28
2014-01-31,88.2,90.19,88.13,88.99,678000,88.99
2014-02-03,88.8,89.59,86.26,86.88,867400,86.88
2014-02-04,92,94.94,91,94.7,1907900,94.7
2014-02-05,93.84,94.58,91.95,92.67,835400,92.67
2014-02-06,91.15,95.65,91.15,94.83,806900,94.83
2014-02-07,94.85,96.54,94.85,96.01,725900,96.01
2014-02-10,96.23,96.68,94.38,96.06,574300,96.06
2014-02-11,95.8,96.72,94.8,95.8,600700,95.8
2014-02-12,95.93,96.84,94.84,95.89,776000,95.89
2014-02-13,94.55,96.42,94.29,96.07,533000,96.07
2014-02-14,95.74,97.25,94.84,95.99,564500,95.99
2014-02-18,95.9,96.08,93.65,95.6,1416400,95.6
2014-02-19,98.9,104,96.77,100.58,2506000,100.58
2014-02-20,100.29,104,99.94,103.67,1115800,103.67
2014-02-21,103.9,104.6,102.43,103.76,794600,103.76
2014-02-24,103.81,108.74,103.81,108.05,1049500,108.05
2014-02-25,108.1,110.53,107.46,108.02,686900,108.02
2014-02-26,108.71,111.74,108.26,109.23,860600,109.23
2014-02-27,110.19,110.33,108.74,109.3,634800,109.3
2014-02-28,109.63,110.5,106,107.28,517800,107.28
2014-03-03,105.61,108.53,105,107.75,423200,107.75
2014-03-04,109.25,110.52,108.68,109.04,507300,109.04
2014-03-05,109.14,109.2,106.5,109.04,453400,109.04
2014-03-06,106.32,108.37,105.37,105.78,611900,105.78
2014-03-07,106.58,106.79,104.06,105,463100,105
2014-03-10,105.35,105.85,103.57,103.75,407400,103.75
2014-03-11,104.04,105.16,102.48,102.72,531700,102.72
2014-03-12,102.39,103.62,101.35,103.11,287300,103.11
2014-03-13,103.16,103.36,100.48,100.95,376300,100.95
2014-03-14,100.89,102.93,100.49,101.43,310300,101.43
2014-03-17,102.5,105.98,101.24,105.65,701100,105.65
2014-03-18,105.31,105.92,103.92,105.55,898900,105.55
2014-03-19,105.7,108.4,105.68,107.44,714200,107.44
2014-03-20,107.05,107.05,101.1,102.54,1017500,102.54
2014-03-21,102.82,103,97.9,98.04,1048900,98.04
2014-03-24,98.62,98.63,95.61,96.74,838900,96.74
2014-03-25,97.72,98.27,95.1,95.55,615900,95.55
2014-03-26,96.33,96.72,92.26,92.49,453600,92.49
2014-03-27,92.45,93.15,90.65,92.46,519300,92.46
2014-03-28,93,94.02,92.25,93.69,440800,93.69
2014-03-31,94.6,95,92.74,93.8,862100,93.8
2014-04-01,94.51,95.33,93.78,94.53,654200,94.53
2014-04-02,95.05,95.32,93.62,94.39,513700,94.39
2014-04-03,94.63,95.73,93.45,94.25,741100,94.25
2014-04-04,94.72,96.75,91.89,93.04,681200,93.04
2014-04-07,92.5,93.28,87.41,89.18,957700,89.18
2014-04-08,89.08,91.9,88.63,91.39,739400,91.39
2014-04-09,91.41,94.44,90.79,94.17,425400,94.17
2014-04-10,93.72,95.35,87.96,88.07,989000,88.07
2014-04-11,87.25,88.26,84.61,85.68,1395400,85.68
2014-04-14,86.67,87.45,83.91,84.7,864100,84.7
2014-04-15,84.85,86.91,82.16,85.64,855100,85.64
2014-04-16,86.25,86.89,84.54,86.68,473000,86.68
2014-04-17,86.08,87.44,85.69,86.87,324900,86.87
2014-04-21,87.08,87.8,86.32,87.3,283700,87.3
2014-04-22,87.74,89.3,87.61,88.25,332000,88.25
2014-04-23,92.01,92.01,86.93,86.96,510600,86.96
2014-04-24,87.35,87.85,85.26,87.42,301300,87.42
2014-04-25,86.54,86.77,83.54,84.69,624100,84.69
2014-04-28,85.32,87.55,84.25,84.75,1217200,84.75
2014-04-29,85,86.66,84.25,86,986100,86
2014-04-30,83.32,88.11,78.92,87.16,3852600,87.16
2014-05-01,88,92.49,86.07,89.04,1763600,89.04
2014-05-02,89.79,91.5,88.84,89.07,1078700,89.07
2014-05-05,88.33,88.5,86.02,86.88,821900,86.88
2014-05-06,86.41,86.52,83.63,83.8,792300,83.8
2014-05-07,83.8,84.24,80.7,81.74,1103900,81.74
2014-05-08,81.74,84.7,81.26,82.08,806600,82.08
2014-05-09,81.67,84.1,81.03,83.68,673200,83.68
2014-05-12,83.95,86.45,83.95,85.5,389200,85.5
2014-05-13,85.32,85.37,82.93,83.76,535100,83.76
2014-05-14,83.58,83.78,81.3,81.51,348900,81.51
2014-05-15,80.83,81.9,79.04,81.42,785600,81.42
2014-05-16,81.23,83.07,80.48,82.96,463300,82.96
2014-05-19,82.6,83,81.11,81.9,685100,81.9
2014-05-20,82.02,82.36,79.5,81.06,1395600,81.06
2014-05-21,81.17,81.5,79.31,79.53,824200,79.53
2014-05-22,79.53,81.88,79.49,80.51,864800,80.51
2014-05-23,80.48,81.55,79.14,81.05,499100,81.05
2014-05-27,81.77,84.77,81.28,84.37,784600,84.37
2014-05-28,83.34,83.51,81.25,82.08,914500,82.08
2014-05-29,82.25,82.63,79.09,79.12,794000,79.12
2014-05-30,79.1,79.36,76.54,77.68,1592800,77.68
2014-06-02,78.07,78.93,76.84,78.22,659700,78.22
2014-06-03,77.78,80.04,77.19,79.38,905800,79.38
2014-06-04,79.11,81.64,78.29,81.34,786300,81.34
2014-06-05,81.59,82.6,80.83,82.54,841300,82.54
2014-06-06,82.81,83.72,80.11,80.43,670100,80.43
2014-06-09,80.53,81.56,79.16,79.6,616400,79.6
2014-06-10,79.51,80.32,77.73,78.8,578000,78.8
2014-06-11,78.35,79.05,77.15,78.82,735700,78.82
2014-06-12,78.72,78.89,77.06,77.12,423600,77.12
2014-06-13,77.12,77.5,75.31,77.13,602600,77.13
2014-06-16,76.72,78.65,75.92,76.81,419600,76.81
2014-06-17,76.62,78.88,76.02,78.6,439100,78.6
2014-06-18,78.49,80.05,77.79,79.84,816800,79.84
2014-06-19,79.95,80.15,75.52,75.71,982400,75.71
2014-06-20,76.18,77.27,75.15,75.4,1064300,75.4
2014-06-23,75.44,76.21,75.29,75.6,445400,75.6
2014-06-24,74.35,75.15,73.54,73.74,903000,73.74
2014-06-25,73.34,76.14,72.86,75.82,770000,75.82
2014-06-26,75.75,76.14,74.05,75.91,533700,75.91
2014-06-27,75.71,76.15,74.8,75.11,530600,75.11
2014-06-30,75.05,76.38,75.05,75.95,702400,75.95
2014-07-01,76.02,76.68,74.94,75.38,905800,75.38
2014-07-02,75.56,76.26,74.72,75.24,448500,75.24
2014-07-03,75.64,76.68,75.5,76.05,789500,76.05
2014-07-07,76,76,74.15,74.2,669100,74.2
2014-07-08,73.98,76.7,73.03,76.59,2039800,76.59
2014-07-09,76.93,77.27,69.65,70.42,6418800,70.42
2014-07-10,55.19,57.8,54.31,55.25,10364100,55.25
2014-07-11,55.82,56.68,54.61,54.86,2489300,54.86
2014-07-14,55.23,55.96,54.83,55.15,1364200,55.15
2014-07-15,55.01,55.39,53.27,53.85,1387300,53.85
2014-07-16,54.26,55.28,53.48,55,943100,55
2014-07-17,54.64,55.86,54.18,54.9,1124600,54.9
2014-07-18,54.8,55.9,54.78,55.62,698900,55.62
2014-07-21,55.5,56.1,55.01,55.6,651700,55.6
2014-07-22,55.69,56.46,55.34,55.77,565900,55.77
2014-07-23,55.64,56.64,55.15,56.02,668400,56.02
2014-07-24,55.96,56.72,55,55.14,573300,55.14
2014-07-25,55,55.5,54.8,55.22,461200,55.22
2014-07-28,55.14,55.22,53.82,55.07,733700,55.07
2014-07-29,55.01,55.86,54.87,55.43,722600,55.43
2014-07-30,55.5,56.56,54.79,55.36,870500,55.36
2014-07-31,55.55,55.55,53.81,54.22,836300,54.22
2014-08-01,54.19,54.51,52.76,53.34,736100,53.34
2014-08-04,53.6,55.22,53.54,55.09,661900,55.09
2014-08-05,54.64,56.68,54.25,55.92,846300,55.92
2014-08-06,55.29,55.48,54.26,54.5,1560100,54.5
2014-08-07,54.76,55.93,54.44,54.72,759900,54.72
2014-08-08,54.72,55.96,54.72,55.19,869000,55.19
2014-08-11,55.22,55.99,54.97,55.85,1100800,55.85
2014-08-12,55.5,55.84,54.21,54.61,625600,54.61
2014-08-13,54.82,55.18,54.25,55.1,708400,55.1
2014-08-14,55.25,55.69,54.81,55.58,507100,55.58
2014-08-15,55.79,56.02,55,55.26,512300,55.26
2014-08-18,55.44,57.54,55.44,57.44,890800,57.44
2014-08-19,58.08,59.3,58.02,58.63,1114600,58.63
2014-08-20,58.3,58.33,57.01,57.34,492200,57.34
2014-08-21,57.39,57.69,56.75,57.3,512800,57.3
2014-08-22,57.32,57.81,56.8,57.45,656700,57.45
2014-08-25,57.9,58.5,57.29,58.01,584300,58.01
2014-08-26,58.05,58.38,57.78,57.97,756000,57.97
2014-08-27,57.97,58.77,57.78,58.46,578900,58.46
2014-08-28,58.06,58.29,57.26,57.47,703400,57.47
2014-08-29,57.58,58.48,57.1,57.22,847300,57.22
2014-09-02,57.33,57.61,55.28,55.33,1047400,55.33
2014-09-03,58.12,59.58,57.76,59.28,1892100,59.28
2014-09-04,59.08,59.09,55.82,58.08,4091000,58.08
2014-09-05,57.85,58.1,57.01,57.79,998300,57.79
2014-09-08,57.8,57.92,56.64,57.03,646000,57.03
2014-09-09,56.83,57.63,56.35,57.31,1440300,57.31
2014-09-10,56.97,57,55.69,56.42,1694700,56.42
2014-09-11,55.98,58.74,55.95,58.7,1357900,58.7
2014-09-12,58.81,59.29,57.03,57.82,738500,57.82
2014-09-15,57.85,58.77,57.77,58.64,645300,58.64
2014-09-16,58.33,59.92,57.71,58.97,869400,58.97
2014-09-17,58.9,60.96,58.79,59.99,1026300,59.99
2014-09-18,60.06,60.94,59.7,60.8,798100,60.8
2014-09-19,61.04,61.04,57.63,58,1593700,58
2014-09-22,57.64,57.7,55.42,56.1,1013100,56.1
2014-09-23,55.9,56.79,54.91,55.07,894400,55.07
2014-09-24,55.1,56.94,55.06,56.57,773000,56.57
2014-09-25,56.44,56.85,55.79,56.27,722500,56.27
2014-09-26,56.37,57.2,56.14,57.07,589000,57.07
2014-09-29,56.66,59.25,56.27,59.08,905100,59.08
2014-09-30,59.09,59.09,57.16,57.38,706200,57.38
2014-10-01,57.33,57.45,55.66,55.82,828200,55.82
2014-10-02,55.68,56.54,54.21,55.45,737200,55.45
2014-10-03,56.09,56.4,55.06,55.51,628800,55.51
2014-10-06,55.82,56.47,55.02,55.12,705100,55.12
2014-10-07,55.1,56.36,54.67,54.93,657500,54.93
2014-10-08,54.79,55.92,53.89,55.85,847100,55.85
2014-10-09,55.78,55.92,52.77,53.47,996900,53.47
2014-10-10,53.45,55.85,53.42,54.29,1014800,54.29
2014-10-13,54.54,55.64,53.54,54.44,561800,54.44
2014-10-14,54.68,57.13,54.68,55.62,712000,55.62
2014-10-15,54.77,58.1,53.73,57.83,946100,57.83
2014-10-16,56.68,59.17,56.25,58.37,699300,58.37
2014-10-17,58.98,60.8,58.32,58.78,1128400,58.78
2014-10-20,58.47,59.18,57.99,59.05,1114000,59.05
2014-10-21,59.16,59.32,55.46,57.63,2492600,57.63
2014-10-22,50.01,53,49.1,52.36,5434400,52.36
2014-10-23,52.48,53.24,49.14,49.15,2543100,49.15
2014-10-24,48.93,49.5,47.76,48.94,1387000,48.94
2014-10-27,48.52,48.63,48,48.28,774100,48.28
2014-10-28,48.35,49.79,48.22,49.46,781000,49.46
2014-10-29,49.47,49.47,48.22,48.98,705800,48.98
2014-10-30,49.22,52.83,49.22,52.5,1342400,52.5
2014-10-31,53,54.83,52.69,53.77,1190700,53.77
2014-11-03,53.76,55.28,53.34,54.3,883600,54.3
2014-11-04,52.55,54.43,52,54.24,1303900,54.24
2014-11-05,54.55,55.33,53.59,53.8,648800,53.8
2014-11-06,54.61,58.78,54.55,58.05,1812900,58.05
2014-11-07,57.87,58.22,56.28,56.57,1253700,56.57
2014-11-10,56.43,57.32,55.69,55.85,1085400,55.85
2014-11-11,55.63,56.25,54.58,55.5,744600,55.5
2014-11-12,55.32,55.67,54.48,54.6,529300,54.6
2014-11-13,54.76,55.39,53.63,54.27,461200,54.27
2014-11-14,54.14,55.27,53.98,55.21,646600,55.21
2014-11-17,54.98,55.4,53.36,53.52,732200,53.52
2014-11-18,53.47,54.18,52.98,53.77,778800,53.77
2014-11-19,53.94,56.48,53.24,55.12,1044500,55.12
2014-11-20,55.55,59.45,55.01,58.74,1086100,58.74
2014-11-21,59.33,60.98,59.01,60.51,1297300,60.51
2014-11-24,62.86,64.11,62.12,63.33,1419500,63.33
2014-11-25,63.27,63.85,61.64,62.56,810200,62.56
2014-11-26,62.77,62.82,61.85,62.5,502800,62.5
2014-11-28,62.57,64.22,61.95,63.59,480900,63.59
2014-12-01,63.25,63.8,61.61,62.59,1168200,62.59
2014-12-02,62.7,63.45,62.39,62.93,635600,62.93
2014-12-03,62.7,63.43,62.46,62.6,826600,62.6
2014-12-04,62.86,62.96,60.73,61.23,783300,61.23
2014-12-05,61.34,62.54,61.25,61.93,642400,61.93
2014-12-08,61.52,62.65,61.26,61.44,477400,61.44
2014-12-09,60.8,61.82,60.69,61.55,1186500,61.55
2014-12-10,61.45,62.95,59.83,59.98,847000,59.98
2014-12-11,60.1,60.68,59.03,59.23,778200,59.23
2014-12-12,58.8,59.95,58.42,58.88,520200,58.88
2014-12-15,59.32,61.33,58.79,59.77,908200,59.77
2014-12-16,60.48,61.45,59.83,60.5,699900,60.5
2014-12-17,60.5,63.29,59.99,62.7,683000,62.7
2014-12-18,63.53,63.78,62.59,63.24,747200,63.24
2014-12-19,63.34,63.95,62.24,63.86,937600,63.86
2014-12-22,63.84,65,63.28,64.39,444800,64.39
2014-12-23,64.86,66.15,64.25,64.32,335000,64.32
2014-12-24,64.15,64.69,63.85,63.91,125200,63.91
2014-12-26,64.23,64.93,63.17,63.25,209300,63.25
2014-12-29,63.35,65.46,63.35,65.09,360500,65.09
2014-12-30,64.96,65.62,64.43,65.33,303800,65.33
2014-12-31,65.33,67.86,65.05,66.31,560300,66.31
